time,roll,pitch,yaw
0.000,-0.014631,0.011274,-0.010921
0.020,-0.004181,-0.025143,0.001885
0.040,0.065705,0.034700,0.013689
0.060,0.034996,0.028108,0.008580
0.080,0.044793,0.050213,0.005510
0.100,0.030546,0.071608,0.015268
0.120,0.060129,0.017169,0.013607
0.140,0.038944,0.007449,0.001878
0.160,0.017922,0.072267,0.010885
0.180,0.001291,-0.005216,0.018059
0.200,-0.026677,-0.035824,-0.005090
0.220,0.026710,0.008468,0.006886
0.240,0.021194,0.042266,0.013125
0.260,0.066103,0.084755,-0.006053
0.280,0.011114,0.044336,0.018728
0.300,0.055968,0.057636,0.005605
0.320,0.048133,0.058636,0.001056
0.340,0.023729,0.052746,0.013682
0.360,0.098119,0.050801,0.014438
0.380,0.109022,0.062570,-0.005696
0.400,0.115233,0.069243,-0.004481
0.420,0.073082,0.028094,0.005562
0.440,0.050729,0.025874,0.008523
0.460,0.078291,0.027129,-0.017154
0.480,0.041475,0.037554,-0.000933
0.500,0.057185,0.028277,0.005347
0.520,0.048714,0.073446,0.012649
0.540,0.087089,0.082958,-0.008378
0.560,0.068158,0.061618,-0.002875
0.580,0.033477,0.080834,0.010893
0.600,0.033794,0.082668,0.017375
0.620,0.044768,0.080731,0.005624
0.640,0.092826,0.061085,0.004056
0.660,0.052025,0.046495,0.004376
0.680,0.102422,0.070792,-0.001621
0.700,0.097796,0.085337,0.018189
0.720,0.123493,0.061345,0.004594
0.740,0.084919,0.110167,-0.009099
0.760,0.076813,0.108459,0.009421
0.780,0.066119,0.079671,-0.014603
0.800,0.094514,0.121660,0.009235
0.820,0.078743,0.102358,0.002438
0.840,0.091289,0.118108,0.006115
0.860,0.058775,0.063099,0.009154
0.880,0.073397,0.078519,0.008508
0.900,0.056384,0.075502,-0.005663
0.920,0.058499,0.038475,0.030943
0.940,0.073755,0.119147,0.026047
0.960,0.085620,0.067047,0.015138
0.980,0.103882,0.067493,0.018150
1.000,0.113693,0.105226,0.011541
1.020,0.103595,0.127503,-0.023494
1.040,0.098669,0.106330,-0.015654
1.060,0.137402,0.124104,0.006322
1.080,0.078770,0.093126,0.007852
1.100,0.121652,0.132587,0.021457
1.120,0.086121,0.120807,0.000782
1.140,0.070746,0.040213,0.009253
1.160,0.053876,0.101517,0.017651
1.180,0.021171,0.047659,0.002592
1.200,0.086192,0.031655,0.007154
1.220,0.039350,0.051237,0.002722
1.240,0.049648,0.065610,0.007849
1.260,0.072674,0.126781,0.017423
1.280,0.097521,0.096330,-0.003796
1.300,0.089218,0.125204,0.012930
1.320,0.066415,0.097918,0.010270
1.340,0.077953,0.090699,0.039214
1.360,0.111815,0.073571,0.029272
1.380,0.052062,0.087327,0.000414
1.400,0.057994,0.055570,0.002056
1.420,0.042950,0.061305,0.032613
1.440,0.060639,0.121042,0.007007
1.460,0.042494,0.063117,0.010496
1.480,0.003198,0.076965,0.014580
1.500,0.021612,0.116612,0.016269
1.520,0.034215,0.111337,0.010378
1.540,0.047837,0.074275,-0.002887
1.560,0.065269,0.103790,0.004648
1.580,0.019664,0.058024,0.014064
1.600,0.043664,0.107327,0.009988
1.620,0.057134,0.115262,0.006334
1.640,0.090894,0.080590,0.014632
1.660,0.065325,0.056220,0.008411
1.680,0.062068,0.061879,-0.000505
1.700,0.037130,0.048408,0.004728
1.720,0.002418,0.073515,0.014724
1.740,0.057970,0.047696,0.027526
1.760,0.079376,0.042879,0.031408
1.780,0.004546,0.047480,-0.006298
1.800,-0.007572,0.076063,-0.001362
1.820,0.001242,0.073469,0.020294
1.840,0.027753,0.064444,0.027432
1.860,0.037179,0.065307,0.019617
1.880,0.046443,0.076715,-0.001343
1.900,0.038103,0.064731,0.012335
1.920,0.025415,0.060182,0.010118
1.940,0.085618,0.046909,0.019619
1.960,0.049180,0.064225,0.014563
1.980,0.051067,0.063795,0.009819
2.000,0.078216,0.035719,0.034180
2.020,0.028269,0.081960,0.022898
2.040,0.067725,0.084522,0.041058
2.060,0.025738,0.041876,0.019575
2.080,0.004912,0.040683,0.025870
2.100,0.011150,0.040350,0.008899
2.120,0.010522,0.072219,0.022919
2.140,0.033312,0.070816,0.001006
2.160,0.043720,0.058260,0.010521
2.180,0.013983,0.053231,0.015961
2.200,0.073513,0.022871,0.018737
2.220,0.054419,0.009471,0.000394
2.240,0.099037,0.032817,0.032540
2.260,0.073191,0.053657,-0.001645
2.280,0.063183,0.074311,0.019675
2.300,0.053442,0.067630,0.016145
2.320,0.124861,-0.004320,0.003138
2.340,0.073736,0.052426,0.029782
2.360,0.046362,0.026860,0.030428
2.380,0.039325,0.033990,0.011150
2.400,0.064080,0.047369,0.012418
2.420,0.031498,-0.015264,0.028186
2.440,0.008618,0.017269,0.017474
2.460,0.055339,0.044134,0.023582
2.480,0.051982,0.023723,0.025674
2.500,0.056533,0.038310,0.010513
2.520,0.062905,0.059115,0.011127
2.540,0.080828,0.012358,0.026703
2.560,0.111411,0.037545,0.025778
2.580,0.123201,0.061489,0.021213
2.600,0.144902,0.019827,0.033685
2.620,0.087131,0.050800,0.025132
2.640,0.128794,0.012275,0.024379
2.660,0.118055,0.057301,0.028923
2.680,0.097089,0.027955,0.032552
2.700,0.105600,0.034887,0.022035
2.720,0.084522,-0.000046,0.007588
2.740,0.090932,0.042145,0.025623
2.760,0.068275,0.064925,0.023041
2.780,0.096422,0.012180,0.017109
2.800,0.109271,0.007952,0.013547
2.820,0.110482,0.060242,0.014698
2.840,0.119309,0.068146,0.017858
2.860,0.155609,0.070168,0.026020
2.880,0.120389,0.014741,0.033179
2.900,0.171169,-0.001070,0.031872
2.920,0.161371,0.003201,0.010973
2.940,0.689646,0.740581,0.022966
2.960,0.140817,0.001360,0.018553
2.980,0.138999,0.043792,0.005538
3.000,0.141070,0.034853,0.043396
3.020,0.111102,0.065098,0.009942
3.040,0.103381,0.049551,0.017468
3.060,0.118341,0.053334,0.012621
3.080,0.155932,0.051354,0.034946
3.100,0.107948,0.043095,0.029660
3.120,0.110116,0.052494,0.007599
3.140,0.135883,0.047829,0.030844
3.160,0.158119,-0.001514,0.017820
3.180,0.166568,0.043891,0.014152
3.200,0.161150,0.048836,0.032397
3.220,0.181683,0.046255,0.025426
3.240,0.237956,0.052746,0.040738
3.260,0.209707,0.022875,0.013299
3.280,0.174190,0.067478,0.029355
3.300,0.161882,0.047192,0.024895
3.320,0.120767,0.104027,0.016069
3.340,0.126323,0.094573,0.029736
3.360,0.125790,0.057539,0.037298
3.380,-0.440406,-0.408909,0.032088
3.400,0.138769,0.043031,0.029856
3.420,0.154877,0.016695,0.024180
3.440,0.150455,0.024801,0.011792
3.460,0.151959,0.015113,0.002435
3.480,0.150985,0.047983,0.016969
3.500,0.166271,0.005887,0.017813
3.520,0.163700,0.047402,0.009734
3.540,0.142437,0.000485,0.023592
3.560,0.192013,0.083254,0.006734
3.580,0.136467,0.075054,0.008332
3.600,0.159718,0.022946,0.016660
3.620,0.117913,0.083680,0.030504
3.640,0.114154,0.072990,0.033711
3.660,0.135554,0.031936,0.018251
3.680,0.097476,-0.015412,0.019087
3.700,0.117620,0.046332,0.033022
3.720,0.148297,0.045014,0.033537
3.740,0.130822,0.042110,0.025539
3.760,0.150763,0.022638,0.036157
3.780,0.127167,0.055694,0.027693
3.800,0.194533,0.070174,0.025055
3.820,0.139426,0.051829,0.036924
3.840,0.130874,0.042585,0.027899
3.860,0.111082,0.026501,0.025540
3.880,0.143607,0.079175,0.025730
3.900,0.135274,0.043641,0.034659
3.920,0.101105,0.036734,0.042368
3.940,0.088000,0.046101,0.024563
3.960,0.121228,0.038245,0.032486
3.980,0.096130,0.040706,0.027842
4.000,0.115092,0.051507,0.019535
4.020,0.083226,0.027047,0.020843
4.040,0.063882,0.049164,0.025713
4.060,0.072834,0.079987,0.026302
4.080,0.137053,0.112274,0.014794
4.100,0.099272,0.062537,0.042879
4.120,0.125975,0.078632,0.029854
4.140,0.121015,0.048822,0.036918
4.160,0.085020,0.059865,0.042962
4.180,0.121923,0.029721,0.031103
4.200,0.093200,0.047507,0.041596
4.220,0.094447,0.066351,0.005165
4.240,0.105013,0.026448,0.035779
4.260,0.057616,0.034223,0.033649
4.280,0.049374,0.058893,0.027627
4.300,0.029197,0.044110,0.034539
4.320,0.001790,0.046168,0.017384
4.340,0.064531,0.057253,0.028510
4.360,0.020768,0.049724,0.022310
4.380,0.059357,0.019101,0.014701
4.400,0.076156,0.016069,0.021535
4.420,0.081438,0.044727,0.015847
4.440,0.034503,0.026338,0.004444
4.460,0.065382,0.049604,0.047465
4.480,0.047932,-0.009388,0.027457
4.500,0.030800,-0.009965,0.009132
4.520,0.059790,0.010337,0.041550
4.540,0.051658,0.053400,0.035209
4.560,0.042203,0.044767,0.035953
4.580,0.008197,0.072324,0.023419
4.600,0.041482,0.054757,0.032781
4.620,0.021472,0.025160,0.041318
4.640,0.031339,0.024053,0.017650
4.660,0.042277,0.014810,0.025039
4.680,0.011458,-0.025684,0.033713
4.700,0.039540,-0.014892,0.013044
4.720,0.066279,-0.019633,0.007755
4.740,0.044253,-0.012066,0.017948
4.760,0.018572,0.035839,0.023495
4.780,0.057625,0.032135,0.049479
4.800,0.059819,0.067869,0.025733
4.820,-0.010708,0.010068,0.020023
4.840,0.030377,0.013799,0.010884
4.860,0.006295,0.001647,0.011616
4.880,0.034648,0.054928,0.024867
4.900,-0.011961,0.000066,0.009478
4.920,-0.013143,-0.040352,0.042621
4.940,0.003508,-0.008789,0.033963
4.960,0.041145,-0.022144,0.023117
4.980,-0.008817,-0.033935,0.045307
5.000,0.003119,-0.010434,0.040053
5.020,0.035071,-0.023654,0.020607
5.040,0.052101,-0.011460,0.048557
5.060,-0.001620,-0.001017,0.045511
5.080,0.023780,0.020712,0.035800
5.100,0.044640,-0.010522,0.026385
5.120,0.034911,-0.017937,0.040057
5.140,0.037098,-0.019461,0.025868
5.160,0.056571,-0.048541,0.030491
5.180,0.033400,-0.048740,0.049739
5.200,0.026114,-0.072623,0.045804
5.220,-0.007402,-0.090025,0.020450
5.240,0.006990,-0.035792,0.029189
5.260,0.001336,-0.110326,0.032101
5.280,0.008399,-0.060659,0.030177
5.300,0.024191,-0.048104,0.024899
5.320,0.049431,-0.039821,0.027322
5.340,0.073495,-0.054135,0.031734
5.360,0.057457,-0.022552,0.030644
5.380,0.016432,-0.039351,0.028744
5.400,0.063884,-0.059534,0.010904
5.420,0.062358,-0.080533,0.025355
5.440,0.100649,-0.145154,0.044733
5.460,0.048155,-0.079892,0.022168
5.480,0.038776,-0.094918,0.033468
5.500,0.041482,-0.101912,0.027222
5.520,0.040748,-0.077455,0.042630
5.540,0.051501,-0.076023,0.024527
5.560,0.020599,-0.073329,0.033088
5.580,0.022520,-0.097989,0.031977
5.600,0.044047,-0.093242,0.050540
5.620,0.014051,-0.063996,0.034351
5.640,0.052631,-0.124183,0.034629
5.660,0.053214,-0.115188,0.026721
5.680,0.088380,-0.087532,0.021330
5.700,0.661664,0.610987,0.024196
5.720,0.098034,-0.112854,0.034545
5.740,0.056919,-0.145325,0.043074
5.760,0.081812,-0.113164,0.042382
5.780,0.095844,-0.100985,0.020493
5.800,0.083078,-0.050004,0.036530
5.820,0.047050,-0.099251,0.041981
5.840,0.062877,-0.123880,0.047376
5.860,0.056079,-0.077408,0.049373
5.880,0.055793,-0.092142,0.047022
5.900,0.048410,-0.116887,0.029881
5.920,0.043406,-0.122559,0.031455
5.940,0.028701,-0.103236,0.030302
5.960,0.056728,-0.149871,0.022324
5.980,0.076807,-0.154373,0.030582
6.000,0.279937,-0.043010,0.017151
6.020,0.289237,-0.024042,0.027786
6.040,0.305906,-0.006691,0.037782
6.060,0.307301,-0.022418,0.018668
6.080,0.281908,0.020337,0.017605
6.100,0.274975,0.011153,0.033727
6.120,0.331936,-0.039717,0.042221
6.140,0.258201,0.006219,0.027475
6.160,0.279579,-0.044326,0.032707
6.180,0.283479,-0.049836,0.019940
6.200,0.249410,-0.026249,0.029106
6.220,0.281039,-0.015699,0.044561
6.240,0.242555,-0.033899,0.028911
6.260,0.287885,-0.025868,0.039057
6.280,0.250657,-0.022187,0.038379
6.300,0.264606,0.011177,0.045032
6.320,0.288770,-0.038190,0.032526
6.340,0.284452,0.029360,0.030259
6.360,0.274892,0.017405,0.035679
6.380,0.311158,0.002672,0.042176
6.400,0.245337,-0.042153,0.019595
6.420,0.258871,-0.007477,0.039267
6.440,0.258041,-0.030273,0.038000
6.460,0.261771,-0.007810,0.019867
6.480,0.221905,-0.008840,0.010293
6.500,0.209353,-0.057521,0.027725
6.520,0.231524,-0.001733,0.027512
6.540,0.180986,-0.013928,0.035426
6.560,0.237971,-0.010280,0.016600
6.580,0.235667,0.012028,0.020550
6.600,0.232885,0.004362,0.033169
6.620,0.249711,-0.009635,0.020345
6.640,0.225139,0.022224,0.026833
6.660,0.213352,-0.006754,0.037786
6.680,0.222525,-0.049674,0.030527
6.700,0.224451,-0.000702,0.037469
6.720,0.220313,-0.028888,0.025281
6.740,0.247139,-0.011617,0.037611
6.760,0.227363,0.041180,0.021844
6.780,0.190003,-0.038481,0.027085
6.800,0.201220,0.002556,0.038300
6.820,0.182332,0.013881,0.025744
6.840,0.139163,0.046531,0.024056
6.860,0.194190,0.036703,0.010816
6.880,0.205080,0.022289,0.031529
6.900,0.209486,-0.001920,0.019140
6.920,0.168109,-0.019324,0.036013
6.940,0.216555,-0.015402,0.025585
6.960,0.160463,-0.019078,0.007811
6.980,0.171498,0.009749,0.031537
7.000,0.182612,0.018084,0.013805
7.020,0.142116,-0.000328,0.018974
7.040,0.145709,-0.021943,0.029360
7.060,0.169016,0.020831,0.025097
7.080,0.187680,0.043263,0.018725
7.100,0.157170,0.052985,0.028374
7.120,0.151817,0.066708,0.027441
7.140,0.135795,0.022120,0.035999
7.160,0.510219,-0.246082,0.021902
7.180,0.088702,0.053789,0.012773
7.200,0.110600,-0.005323,0.026321
7.220,0.138016,0.008201,0.018199
7.240,0.127136,-0.012537,0.023832
7.260,0.144567,0.014836,0.038265
7.280,0.147761,0.018517,0.026969
7.300,0.148800,0.000574,0.011421
7.320,0.142778,0.050587,0.026418
7.340,0.119525,0.068883,0.031898
7.360,0.167276,0.082282,0.019953
7.380,0.124286,0.067175,0.012563
7.400,0.132412,0.089851,0.003339
7.420,0.074393,0.065210,0.018540
7.440,0.093406,0.040842,0.033685
7.460,0.057145,0.030954,0.045692
7.480,0.133390,0.012266,0.034047
7.500,0.085480,0.011581,0.019204
7.520,0.091413,0.072507,0.026094
7.540,0.115354,0.076708,0.025531
7.560,0.124239,0.080789,0.007543
7.580,0.113340,0.092634,0.027384
7.600,0.116727,0.044876,0.025388
7.620,0.128586,0.082699,0.009090
7.640,0.104343,0.073413,0.013976
7.660,0.123654,0.071822,0.029643
7.680,0.122736,0.026526,0.023241
7.700,0.096179,0.065326,0.009844
7.720,0.104930,0.050519,0.035269
7.740,0.087773,0.043836,0.023932
7.760,0.120709,0.059480,0.013918
7.780,0.102756,0.051153,0.013135
7.800,0.057554,0.066049,0.015117
7.820,0.082068,0.082396,0.032808
7.840,0.106484,0.112082,0.028727
7.860,0.108394,0.095908,0.017637
7.880,0.091416,0.086296,0.027837
7.900,0.132436,0.096020,0.018301
7.920,0.126730,0.066211,0.025964
7.940,0.136748,0.079946,0.018212
7.960,0.134879,0.051371,0.008236
7.980,0.122756,0.082686,0.028592
8.000,0.111136,0.048798,0.023338
8.020,0.116554,0.085653,0.021262
8.040,0.102752,0.080879,0.010876
8.060,0.105398,0.075612,0.018211
8.080,0.125006,0.105993,0.006926
8.100,0.119279,0.079704,0.035027
8.120,0.137259,0.134489,0.025588
8.140,0.133400,0.094457,0.018473
8.160,0.126592,0.073341,-0.003061
8.180,0.118128,0.081117,0.023028
8.200,0.159754,0.068109,0.021836
8.220,0.168786,0.063477,0.011912
8.240,0.202679,0.034146,-0.002863
8.260,0.146430,0.056301,0.028870
8.280,0.174718,0.063329,0.021650
8.300,0.162044,0.061092,0.019254
8.320,0.122070,0.137443,0.031874
8.340,0.124964,0.092035,0.015518
8.360,0.225769,0.191803,0.027776
8.380,0.313741,0.257651,0.004279
8.400,-0.057504,-0.097541,0.034934
8.420,0.208421,0.136032,0.014979
8.440,0.279129,0.185387,-0.000050
8.460,0.266443,0.233376,0.018356
8.480,-0.004211,-0.106571,0.014885
8.500,0.277165,0.171270,0.007024
8.520,-0.026216,-0.120762,0.029617
8.540,0.327860,0.259524,0.011528
8.560,-0.099999,-0.189429,-0.010083
8.580,0.276731,0.169799,0.014788
8.600,0.201483,0.049193,0.020677
8.620,0.163477,0.051984,0.007430
8.640,0.326764,0.261863,0.027051
8.660,0.457219,0.312543,0.002185
8.680,0.348135,0.239043,0.012934
8.700,0.118691,-0.010955,0.032105
8.720,0.200412,0.106512,0.019921
8.740,0.300746,0.220013,0.002559
8.760,0.017963,-0.063966,0.010893
8.780,0.169806,0.047202,0.011582
8.800,-0.085150,-0.191531,0.007273
8.820,0.079011,-0.010782,0.005738
8.840,0.289136,0.206701,0.039830
8.860,0.447656,0.330763,0.023545
8.880,0.008113,-0.154386,0.015342
8.900,0.672711,0.520864,0.019784
8.920,0.219385,0.103474,0.008653
8.940,0.206070,0.064978,0.023111
8.960,0.135424,0.026042,0.008209
8.980,0.205134,0.093757,0.005263
9.000,0.589826,0.504196,0.007634
9.020,0.126877,0.047555,0.021640
9.040,0.173261,0.157315,0.021304
9.060,0.081796,-0.002296,0.003500
9.080,0.318675,0.239158,0.019470
9.100,0.062954,0.013648,0.024450
9.120,0.464703,0.388842,0.007641
9.140,0.290772,0.176766,-0.005181
9.160,0.093560,0.019698,0.005271
9.180,-0.004236,-0.175961,0.000415
9.200,0.233996,0.096016,0.016084
9.220,0.241315,0.146500,0.024255
9.240,0.198786,0.087293,-0.000653
9.260,0.281277,0.168156,0.014685
9.280,0.178211,0.085649,0.019540
9.300,-0.042843,-0.118177,-0.014453
9.320,0.164369,0.090049,0.014093
9.340,0.032246,0.035845,0.019886
9.360,-0.160868,-0.225565,0.002415
9.380,0.058435,0.045995,0.014492
9.400,0.033924,0.022897,0.008578
9.420,0.081988,0.043071,0.014127
9.440,-0.066511,-0.171250,0.023869
9.460,0.564049,0.453728,0.005377
9.480,0.254700,0.204051,0.024614
9.500,0.065546,-0.052707,0.010699
9.520,0.118185,0.031633,0.009955
9.540,0.079557,-0.022922,0.023624
9.560,0.261853,0.189106,-0.006993
9.580,0.254561,0.249755,0.006336
9.600,0.222222,0.198654,0.010743
9.620,0.091921,0.113195,0.005137
9.640,-0.062435,-0.082680,0.009097
9.660,-0.088101,-0.134959,0.014111
9.680,0.023470,0.012136,0.007960
9.700,0.181368,0.168397,-0.017463
9.720,0.091391,0.050555,-0.005381
9.740,-0.061708,-0.123823,0.017156
9.760,-0.075297,-0.057510,0.011411
9.780,0.206152,0.184813,-0.000468
9.800,0.022862,-0.021362,-0.017167
9.820,0.017107,-0.018336,0.004402
9.840,-0.244183,-0.240603,0.020732
9.860,0.214503,0.215915,0.009920
9.880,0.188708,0.179513,-0.005836
9.900,0.218833,0.279176,0.009754
9.920,0.172606,0.198435,-0.007329
9.940,0.192102,0.217525,0.025994
9.960,0.173543,0.229083,-0.005645
9.980,-0.071631,-0.046807,-0.004276
10.000,0.062748,0.238686,0.005318
10.020,0.186839,0.339333,-0.013045
10.040,-0.300199,-0.104823,0.005615
10.060,-0.042271,0.049713,-0.002707
10.080,0.004705,0.172752,-0.010486
10.100,0.086471,0.256858,0.003522
10.120,-0.365029,-0.214605,0.010695
10.140,-0.186021,-0.013059,0.006198
10.160,-0.026070,0.118504,0.000189
10.180,-0.094552,0.049532,-0.001890
10.200,-0.145897,0.009028,0.018903
10.220,-0.060012,0.026417,0.002383
10.240,-0.253274,-0.146609,0.010571
10.260,0.003112,0.127860,0.004154
10.280,-0.318983,-0.103323,-0.017370
10.300,-0.103831,0.051009,-0.000873
10.320,-0.070112,0.115476,0.010144
10.340,-0.388433,-0.189280,0.007452
10.360,-0.157451,0.030329,-0.004493
10.380,-0.118109,0.058057,-0.002512
10.400,-0.126980,0.103274,-0.012751
10.420,-0.145353,0.080282,-0.001141
10.440,-0.080732,0.033032,0.002769
10.460,-0.119453,0.034720,-0.002333
10.480,-0.115473,0.058923,0.009386
10.500,-0.119927,0.018164,-0.005879
10.520,-0.093810,0.073165,-0.001411
10.540,-0.081955,0.037580,-0.005850
10.560,-0.127148,0.032621,-0.012346
10.580,-0.136104,0.111546,-0.016142
10.600,-0.131097,0.045116,0.014537
10.620,-0.111485,0.079201,0.007281
10.640,-0.115873,0.041181,-0.020227
10.660,-0.116136,0.086586,-0.000757
10.680,-0.104103,0.055680,0.002525
10.700,-0.102704,0.085479,-0.022673
10.720,-0.043770,0.057237,-0.009666
10.740,-0.098496,0.063684,0.000040
10.760,-0.102680,0.037712,-0.000871
10.780,-0.064479,0.067627,-0.007976
10.800,-0.052552,0.081493,-0.008983
10.820,0.055791,0.191932,0.001446
10.840,0.046721,0.261262,-0.007588
10.860,-0.204585,-0.028195,-0.010503
10.880,-0.086278,0.138751,-0.015467
10.900,-0.253557,-0.076431,-0.017057
10.920,0.026571,0.214161,0.008088
10.940,-0.044602,0.073412,-0.002722
10.960,-0.183501,-0.039979,-0.007725
10.980,-0.028307,0.110389,-0.001270
11.000,0.309062,0.396146,-0.009579
11.020,-0.284045,-0.180138,-0.000622
11.040,0.052820,0.163300,0.004972
11.060,-0.246444,-0.077510,-0.005968
11.080,0.021247,0.152882,-0.015680
11.100,-0.047397,0.077276,0.007234
11.120,0.106404,0.307786,-0.008184
11.140,-0.181212,-0.000310,-0.013647
11.160,0.127071,0.271235,0.005554
11.180,-0.180428,0.009478,-0.009559
11.200,-0.124127,0.073458,-0.006241
11.220,0.134727,0.263782,0.004388
11.240,-0.106542,0.014987,-0.004456
11.260,0.286192,0.364163,-0.021058
11.280,-0.057912,0.059652,0.003051
11.300,-0.266902,-0.135671,-0.004495
11.320,-0.234377,-0.083388,-0.003785
11.340,0.362460,0.504221,0.005923
11.360,0.138999,0.285267,-0.004486
11.380,0.090041,0.146597,-0.005846
11.400,0.294918,0.418721,-0.002031
11.420,0.110018,0.218644,-0.008295
11.440,0.014152,0.059356,0.005747
11.460,0.045696,0.135841,-0.021742
11.480,0.202501,0.296609,-0.011670
11.500,-0.139970,-0.059275,-0.007561
11.520,-0.057653,0.043689,-0.006851
11.540,-0.244392,-0.148751,0.017819
11.560,0.129555,0.309431,-0.005139
11.580,-0.003017,0.141057,-0.009326
11.600,0.068351,0.186515,-0.016078
11.620,0.120958,0.263499,-0.013846
11.640,-0.015919,0.103334,-0.003120
11.660,-0.089905,0.058586,-0.013806
11.680,-0.127793,-0.002725,-0.024529
11.700,0.000857,0.063147,-0.018554
11.720,-0.229876,-0.169335,-0.006585
11.740,0.056356,0.162913,0.000990
11.760,-0.155398,-0.097732,0.010972
11.780,0.110848,0.192773,-0.027685
11.800,-0.139557,-0.052382,-0.020414
11.820,-0.051376,0.099704,0.007982
11.840,-0.108410,-0.037842,-0.016290
11.860,0.445799,0.557894,0.000303
11.880,-0.020545,0.078109,-0.009616
11.900,-0.129826,-0.010527,-0.025357
11.920,0.011219,0.079018,-0.008940
11.940,-0.048190,0.061101,-0.001676
11.960,0.011411,0.071332,-0.011485
11.980,-0.003407,0.076888,-0.021654
12.000,0.001999,0.045961,-0.030130
12.020,0.264248,0.277158,-0.020450
12.040,-0.141507,-0.049555,-0.010256
12.060,-0.055413,0.067771,-0.029864
12.080,0.055864,0.185390,-0.002832
12.100,-0.161512,-0.074784,-0.002349
12.120,-0.083266,0.027078,-0.010992
12.140,-0.131028,-0.028023,-0.009277
12.160,0.059645,0.245480,-0.018142
12.180,-0.037586,0.075780,-0.017356
12.200,0.004655,0.077429,-0.032895
12.220,-0.108470,-0.035418,-0.003835
12.240,-0.156814,-0.124800,-0.017291
12.260,-0.147863,-0.093178,-0.020206
12.280,0.101596,0.126682,-0.009087
12.300,-0.015170,0.041155,-0.023977
12.320,0.018041,0.037203,-0.030796
12.340,0.086605,0.175551,-0.017949
12.360,0.178674,0.294666,-0.013461
12.380,0.012032,0.076602,-0.017299
12.400,-0.307057,-0.210256,-0.025541
12.420,-0.118524,-0.084124,0.008270
12.440,-0.096833,0.022298,-0.020591
12.460,0.066000,0.110237,0.001886
12.480,-0.025637,0.053720,-0.011002
12.500,-0.332040,-0.306357,-0.020277
12.520,-0.197325,-0.166166,-0.018209
12.540,0.041433,0.099451,-0.017058
12.560,-0.156907,-0.076798,-0.027160
12.580,-0.107033,-0.035487,-0.012793
12.600,0.017417,0.064904,-0.021948
12.620,-0.022741,0.034756,-0.022033
12.640,-0.073131,0.018875,0.000775
12.660,0.129237,0.159072,-0.015535
12.680,-0.217228,-0.185911,-0.007004
12.700,0.036784,0.032349,-0.045785
12.720,-0.140612,-0.127747,-0.026057
12.740,-0.154301,-0.131162,-0.038551
12.760,0.098317,0.146769,-0.029257
12.780,-0.003301,0.004540,-0.013426
12.800,-0.002002,0.032968,-0.019871
12.820,-0.049325,-0.006688,-0.007599
12.840,-0.036244,0.011702,-0.007395
12.860,-0.026531,0.008258,-0.035169
12.880,-0.038327,0.008593,-0.027775
12.900,-0.042138,-0.014177,-0.017617
12.920,-0.023743,-0.004879,-0.016759
12.940,0.021230,0.012555,-0.014977
12.960,-0.000258,-0.017284,-0.016928
12.980,0.006545,-0.042821,-0.035664
13.000,0.026920,-0.011787,-0.026311
13.020,0.012472,-0.052251,-0.026953
13.040,0.036520,-0.040742,-0.029593
13.060,0.024664,0.002211,-0.024404
13.080,-0.002179,-0.043446,-0.014735
13.100,0.058904,-0.039366,-0.017338
13.120,0.040079,-0.020996,-0.010938
13.140,0.054779,-0.031925,-0.039221
13.160,0.060865,-0.033178,-0.022182
13.180,0.055772,-0.019816,-0.028104
13.200,0.083074,-0.039556,-0.026955
13.220,-0.675636,-0.706668,-0.027609
13.240,0.107517,-0.108596,-0.033109
13.260,0.117304,-0.056797,-0.023301
13.280,0.134260,-0.033175,-0.023172
13.300,0.131594,-0.030443,-0.025378
13.320,0.152230,-0.040768,-0.026208
13.340,0.147854,-0.018357,-0.027213
13.360,0.104059,-0.030712,-0.011643
13.380,0.186847,-0.025393,-0.035468
13.400,0.150108,-0.022705,-0.028047
13.420,0.154929,0.018500,-0.019469
13.440,0.150715,-0.033116,-0.003091
13.460,0.152520,-0.047203,-0.016369
13.480,0.182165,-0.034144,-0.008469
13.500,0.225044,-0.063985,-0.017739
13.520,0.219766,-0.057384,-0.031264
13.540,0.223461,-0.057978,-0.017941
13.560,0.247801,-0.059331,-0.025067
13.580,0.246629,-0.034166,-0.021561
13.600,0.290850,-0.043031,-0.004211
13.620,0.280940,-0.040691,-0.014476
13.640,0.242380,-0.041122,-0.031570
13.660,0.258278,0.010905,-0.029655
13.680,0.262004,-0.039276,-0.023120
13.700,0.268597,-0.039038,-0.021271
13.720,0.281962,-0.053000,-0.035864
13.740,0.332752,-0.038750,-0.029896
13.760,0.272721,-0.072737,-0.030120
13.780,0.282571,-0.049078,-0.020509
13.800,0.311867,-0.044002,-0.018798
13.820,0.345738,-0.073297,-0.037493
13.840,0.355226,-0.051034,-0.019260
13.860,0.402494,-0.007357,-0.016099
13.880,0.379535,-0.030424,-0.043220
13.900,0.364976,0.018666,-0.039732
13.920,0.374414,-0.073244,-0.012596
13.940,0.439130,-0.037073,-0.023870
13.960,0.376603,-0.059028,-0.032499
13.980,0.415973,-0.068871,-0.004750
14.000,0.426198,0.018848,-0.031552
14.020,0.407286,-0.087609,-0.035057
14.040,0.432322,-0.034448,-0.026407
14.060,0.441853,-0.031090,-0.026091
14.080,0.437060,-0.047273,-0.013436
14.100,0.432061,0.010062,-0.035699
14.120,0.461620,-0.023302,-0.030848
14.140,0.503692,0.012051,-0.042529
14.160,0.497501,-0.036575,-0.040865
14.180,0.463463,-0.020210,-0.037896
14.200,0.484424,-0.039002,-0.028827
14.220,0.508178,-0.027535,-0.039711
14.240,0.502754,-0.047828,-0.027041
14.260,0.509347,-0.033558,-0.025506
14.280,0.542532,-0.062028,-0.028117
14.300,0.532756,-0.050545,-0.031704
14.320,0.513192,-0.017407,-0.047745
14.340,0.538162,-0.029905,-0.035966
14.360,0.524044,-0.020406,-0.039219
14.380,0.490683,-0.030668,-0.018616
14.400,0.505012,-0.023691,-0.026441
14.420,0.546688,-0.011378,-0.028526
14.440,0.550247,-0.030511,-0.030125
14.460,0.583349,-0.076590,-0.019477
14.480,0.612747,-0.034979,-0.022498
14.500,0.590866,-0.077585,-0.021447
14.520,0.629094,-0.047842,-0.023982
14.540,0.623878,-0.042831,-0.032036
14.560,0.618975,-0.048626,-0.015263
14.580,0.635488,-0.020807,-0.020662
14.600,0.657199,-0.046802,-0.038327
14.620,0.602480,-0.020958,-0.024758
14.640,0.612244,0.001194,-0.007052
14.660,0.613110,-0.025140,-0.016693
14.680,0.629730,-0.025652,-0.036170
14.700,0.627071,-0.021213,-0.022711
14.720,0.606514,-0.068295,-0.041767
14.740,0.668579,-0.054484,-0.025388
14.760,0.662804,-0.047338,-0.023230
14.780,0.664973,-0.037196,-0.020981
14.800,0.696779,-0.045672,-0.030337
14.820,0.700231,-0.061119,-0.022819
14.840,0.618609,-0.020001,-0.025637
14.860,0.673179,-0.007244,-0.025104
14.880,0.664504,0.005138,-0.032366
14.900,0.672115,0.012111,-0.022453
14.920,0.648359,-0.030155,-0.018801
14.940,0.707345,-0.025730,-0.035257
14.960,0.675277,-0.060073,-0.037991
14.980,0.651879,-0.087982,-0.006987
15.000,0.660161,-0.095297,-0.032730
15.020,0.650916,-0.070642,-0.027890
15.040,0.706586,-0.039630,-0.023173
15.060,0.712060,-0.085758,-0.033947
15.080,0.742031,-0.019038,-0.035495
15.100,0.748059,-0.057232,-0.025730
15.120,0.665597,-0.556818,-0.033885
15.140,0.772272,-0.073490,-0.021112
15.160,0.767193,-0.066108,-0.037502
15.180,0.760271,-0.050378,-0.041958
15.200,0.748892,-0.059551,-0.032734
15.220,0.771940,-0.081227,-0.033350
15.240,0.749100,-0.083023,-0.033626
15.260,0.757153,-0.153160,-0.017484
15.280,0.749923,-0.108565,-0.037114
15.300,0.786358,-0.081385,-0.026878
15.320,0.763718,-0.084880,-0.023720
15.340,0.728421,-0.070490,-0.029305
15.360,0.772888,-0.090437,-0.030591
15.380,0.808368,-0.079313,-0.026701
15.400,0.810646,-0.056536,-0.029697
15.420,0.803298,-0.038068,-0.024177
15.440,0.829758,-0.078094,-0.038313
15.460,0.856299,-0.085260,-0.026509
15.480,0.859205,-0.096832,-0.019084
15.500,0.814971,-0.148663,-0.007883
15.520,0.836648,-0.096606,-0.051929
15.540,0.849015,-0.127770,-0.030602
15.560,0.829091,-0.094492,-0.025687
15.580,0.820131,-0.114781,-0.010852
15.600,0.828334,-0.096844,-0.037464
15.620,0.815205,-0.086798,-0.014054
15.640,0.847733,-0.069197,-0.024580
15.660,0.869879,-0.073725,-0.049267
15.680,0.850710,-0.095096,-0.030338
15.700,0.853519,-0.088933,-0.035279
15.720,0.861958,-0.097242,-0.021887
15.740,0.890153,-0.143205,-0.043918
15.760,0.934361,-0.142781,-0.037990
15.780,0.926354,-0.126324,-0.029012
15.800,0.928576,-0.148674,-0.012177
15.820,0.919605,-0.094826,-0.028766
15.840,0.903920,-0.105514,-0.035886
15.860,0.919449,-0.100876,-0.024607
15.880,0.897764,-0.091949,-0.029713
15.900,0.886594,-0.087220,-0.042360
15.920,0.869518,-0.090790,-0.040389
15.940,0.886864,-0.096468,-0.044890
15.960,0.854598,-0.132270,-0.021856
15.980,0.896537,-0.098064,-0.042312
16.000,0.892484,-0.131261,-0.026832
16.020,0.892986,-0.151386,-0.024325
16.040,0.903469,-0.134977,-0.043447
16.060,0.023042,0.248889,-0.028602
16.080,1.033995,0.020045,-0.029019
16.100,0.880759,-0.148097,-0.008783
16.120,0.945236,-0.027682,-0.026085
16.140,0.657809,-0.289139,-0.028528
16.160,0.744089,-0.192034,-0.025977
16.180,0.762121,-0.237270,-0.038294
16.200,0.861318,-0.135477,-0.025793
16.220,0.877789,-0.122798,-0.026001
16.240,0.785465,-0.173583,-0.025213
16.260,0.737569,-0.228842,-0.040876
16.280,0.623423,-0.333538,-0.023606
16.300,0.569104,-0.360865,-0.043897
16.320,0.584843,-0.332277,-0.030538
16.340,0.849535,-0.098602,-0.036411
16.360,0.610990,-0.390872,-0.026640
16.380,1.013390,0.104726,-0.009515
16.400,0.633938,-0.283365,-0.037703
16.420,0.871279,-0.044051,-0.018933
16.440,0.645816,-0.294006,-0.026155
16.460,0.767911,-0.219336,-0.030854
16.480,0.905172,-0.038519,-0.024160
16.500,0.661452,-0.219086,-0.024247
16.520,0.862733,0.017132,-0.033925
16.540,0.763794,-0.147824,-0.018514
16.560,0.760818,-0.184500,-0.038509
16.580,0.873257,-0.021819,-0.018338
16.600,0.773487,-0.101445,-0.028489
16.620,0.838128,0.029857,-0.011376
16.640,0.769273,-0.056961,-0.025810
16.660,0.820397,-0.127581,-0.031055
16.680,0.692032,-0.223753,-0.020502
16.700,1.118032,0.219321,-0.052088
16.720,0.547293,-0.322610,-0.028814
16.740,0.799137,-0.125901,-0.025857
16.760,0.782124,-0.083554,-0.057238
16.780,0.751528,-0.129703,-0.028023
16.800,0.983606,0.140656,-0.038071
16.820,0.654033,-0.171103,-0.047887
16.840,0.330768,-0.476483,-0.025322
16.860,0.409028,-0.400917,-0.024221
16.880,0.510319,-0.243648,-0.008330
16.900,0.708919,-0.031068,-0.029782
16.920,0.843584,0.118035,-0.027424
16.940,0.436100,-0.340627,-0.034641
16.960,0.594497,-0.194178,-0.020526
16.980,0.310529,-0.477912,-0.012253
17.000,0.709294,-0.072523,-0.035861
17.020,0.605970,-0.193790,-0.035098
17.040,0.667707,-0.133632,-0.036462
17.060,0.699202,-0.108939,-0.039457
17.080,0.471658,-0.298120,-0.021428
17.100,0.894334,0.192752,-0.026678
17.120,1.149271,0.371688,-0.024653
17.140,0.729329,0.008653,-0.020025
17.160,0.849347,0.155490,-0.031388
17.180,0.858260,0.198768,-0.035024
17.200,0.868765,0.196259,-0.043100
17.220,0.493812,-0.191442,-0.033866
17.240,0.782161,0.135334,-0.043082
17.260,0.751844,0.063614,-0.022040
17.280,0.616448,-0.041415,-0.022348
17.300,0.270059,-0.435113,-0.018068
17.320,0.476459,-0.174681,-0.012329
17.340,0.586201,-0.043891,-0.004979
17.360,0.175822,-0.441805,-0.042841
17.380,0.608504,-0.014628,-0.021628
17.400,0.691670,0.058894,-0.029554
17.420,0.545196,-0.023528,-0.036844
17.440,0.842805,0.308756,-0.025953
17.460,0.541483,0.014851,-0.026620
17.480,0.671786,0.157324,-0.029087
17.500,0.392341,-0.139374,-0.034123
17.520,0.087873,-0.372702,-0.030964
17.540,0.351264,-0.176781,-0.034110
17.560,0.723950,0.229569,-0.041506
17.580,0.460877,0.017158,-0.021581
17.600,0.395611,-0.097471,-0.006624
17.620,0.324946,-0.125440,-0.021829
17.640,0.322872,-0.166645,-0.012327
17.660,0.577185,0.097292,-0.033577
17.680,0.498823,0.108507,-0.011188
17.700,0.448574,0.006158,-0.023115
17.720,0.340318,-0.142690,-0.034409
17.740,0.084753,-0.376126,-0.039243
17.760,0.365133,0.045968,-0.025912
17.780,0.248818,-0.137700,-0.040295
17.800,0.439414,0.101091,-0.017430
17.820,0.473057,0.154491,-0.023730
17.840,0.286273,-0.067146,-0.011633
17.860,0.474933,0.086386,-0.048686
17.880,0.306974,0.014715,-0.027365
17.900,0.522210,0.221273,-0.031036
17.920,0.422248,0.134409,-0.001603
17.940,0.551893,0.232238,-0.028974
17.960,-0.006311,-0.297723,-0.036968
17.980,0.131010,-0.154626,-0.024029
18.000,0.078193,-0.207635,-0.024034
18.020,0.476633,0.134332,-0.034170
18.040,0.233519,0.002437,-0.028784
18.060,-0.118431,-0.357465,-0.033346
18.080,0.592913,0.376033,-0.013081
18.100,0.160816,-0.052184,-0.024762
18.120,0.139503,-0.071746,-0.033224
18.140,0.373946,0.165181,-0.020161
18.160,0.195474,0.075231,-0.005294
18.180,0.167758,0.073985,-0.000883
18.200,0.289856,0.167484,-0.014643
18.220,0.106333,-0.048651,-0.019850
18.240,0.078468,-0.054451,-0.023949
18.260,0.228607,0.093941,-0.025759
18.280,0.047537,-0.109618,-0.016344
18.300,0.008054,-0.125193,-0.019540
18.320,-0.014820,-0.197070,-0.023536
18.340,0.031318,-0.055885,-0.012217
18.360,0.182420,0.092850,-0.020657
18.380,0.109087,0.052200,-0.021751
18.400,0.189117,0.147823,-0.026540
18.420,-0.001202,0.022965,-0.028095
18.440,-0.029544,-0.082676,-0.000865
18.460,-0.000469,-0.000919,-0.016641
18.480,0.056317,-0.003559,-0.016855
18.500,0.088024,-0.007327,-0.018639
18.520,0.034483,0.036869,-0.009855
18.540,0.104711,0.013562,-0.016810
18.560,0.068644,-0.004035,-0.013835
18.580,0.057677,0.047597,-0.022213
18.600,0.058195,0.034125,-0.010183
18.620,0.088878,0.034275,-0.024020
18.640,0.086708,0.050444,-0.006188
18.660,0.073412,0.057563,-0.031928
18.680,0.029925,0.062621,-0.019584
18.700,0.036770,0.041219,-0.014159
18.720,-0.005845,0.071791,-0.028015
18.740,0.021361,0.033935,-0.030728
18.760,0.010788,0.026066,0.008158
18.780,-0.042142,-0.029972,-0.021897
18.800,0.744151,-0.768583,-0.018457
18.820,-0.036898,0.009535,-0.025657
18.840,-0.005178,0.077659,-0.015697
18.860,-0.008966,0.061973,-0.013689
18.880,-0.009980,0.033937,-0.008165
18.900,0.039247,0.047134,-0.010076
18.920,0.006447,0.054797,-0.031505
18.940,0.000664,0.077634,-0.020180
18.960,0.019869,0.038878,0.001231
18.980,-0.036428,0.012819,-0.014975
19.000,-0.004740,0.027590,-0.020397
19.020,0.013438,-0.005141,-0.023221
19.040,-0.007642,0.010856,-0.001368
19.060,0.022415,0.022484,-0.023641
19.080,-0.000098,0.028425,-0.006231
19.100,0.016089,0.056864,-0.020020
19.120,-0.039670,0.075948,0.000644
19.140,0.030040,0.062941,-0.021827
19.160,0.006154,0.073982,0.002223
19.180,-0.001388,0.052588,-0.008363
19.200,0.064545,0.070689,-0.017024
19.220,0.035594,0.026469,-0.026227
19.240,0.076269,0.017230,-0.020160
19.260,0.040865,0.018773,-0.004356
19.280,0.018165,0.011673,-0.013955
19.300,0.050880,-0.005979,-0.012768
19.320,-0.005705,0.039988,-0.019360
19.340,0.023786,0.021099,-0.012689
19.360,0.006800,0.071179,-0.022019
19.380,-0.014074,0.031251,-0.029575
19.400,0.002115,0.042792,-0.018045
19.420,-0.011367,0.066953,0.001262
19.440,0.019515,0.060191,-0.019795
19.460,0.004672,0.036695,0.010109
19.480,-0.036813,0.027862,-0.021817
19.500,0.032354,-0.012484,-0.019635
19.520,0.028820,-0.012793,0.005975
19.540,0.017191,-0.026296,-0.017717
19.560,0.062458,0.028802,-0.010090
19.580,0.033452,0.011111,-0.008972
19.600,0.017946,0.008544,-0.003469
19.620,0.019881,-0.013181,-0.028273
19.640,0.012097,0.020855,-0.008662
19.660,0.012203,0.017711,-0.008279
19.680,-0.024539,0.014393,-0.021849
19.700,0.013388,0.019722,-0.000823
19.720,-0.008837,0.034802,-0.024128
19.740,0.028724,-0.010684,-0.006165
19.760,-0.000146,-0.006563,-0.018896
19.780,0.011612,0.030693,-0.015407
19.800,0.054929,-0.006551,-0.015439
19.820,0.008661,-0.002481,-0.012025
19.840,0.060088,-0.018118,-0.002734
19.860,0.054579,-0.025124,-0.016081
19.880,0.043146,0.022593,-0.011447
19.900,0.005996,0.011988,-0.012958
19.920,0.050144,0.023218,-0.019809
19.940,-0.006728,0.055646,-0.008723
19.960,-0.006514,0.013284,-0.004478
19.980,0.003772,0.009764,0.005279
20.000,0.006595,0.000686,-0.009855
20.020,0.009674,0.003984,-0.009022
20.040,-0.000829,-0.007576,-0.008429
20.060,-0.007315,0.008345,-0.010837
20.080,-0.007196,-0.010449,-0.018639
20.100,-0.029126,0.017588,0.015673
20.120,0.022261,0.001230,-0.015128
20.140,0.017793,0.071437,-0.005273
20.160,-0.258075,-0.205098,-0.019913
20.180,0.121186,0.138490,-0.004666
20.200,-0.001159,0.003826,-0.003446
20.220,-0.068799,-0.071589,-0.010197
20.240,-0.104197,-0.086718,0.002130
20.260,-0.201471,-0.147150,-0.014438
20.280,-0.315162,-0.292392,-0.018643
20.300,-0.204022,-0.163013,-0.014421
20.320,-0.118329,-0.106284,0.000200
20.340,-0.085967,-0.023767,-0.004437
20.360,-0.105938,-0.009008,0.005575
20.380,0.129430,0.240754,0.002172
20.400,0.084154,0.170630,-0.007462
20.420,0.010938,0.073779,-0.006569
20.440,0.100299,0.154877,-0.022262
20.460,-0.085376,0.000298,-0.014077
20.480,-0.040713,0.000104,-0.012550
20.500,0.049546,0.124008,-0.009831
20.520,0.001343,0.113595,-0.016841
20.540,-0.066132,-0.065443,-0.004878
20.560,0.101562,0.122322,-0.034979
20.580,-0.242865,-0.183214,-0.013700
20.600,-0.214822,-0.102601,-0.008968
20.620,-0.295849,-0.205667,-0.007142
20.640,-0.110350,0.045174,-0.006519
20.660,-0.074400,0.044218,-0.002902
20.680,0.004713,0.172295,-0.020556
20.700,-0.179327,-0.046790,-0.001615
20.720,-0.272690,-0.147731,0.012183
20.740,-0.001062,0.140628,0.001303
20.760,-0.095656,0.036472,0.006956
20.780,-0.190901,-0.087236,-0.000353
20.800,0.164556,0.175715,0.000263
20.820,0.103587,0.202950,0.007010
20.840,0.171387,0.286683,-0.000438
20.860,-0.219391,-0.064868,0.011236
20.880,-0.177757,-0.047235,-0.006352
20.900,0.245042,0.375658,-0.013426
20.920,-0.193984,0.040020,0.027763
20.940,0.004530,0.196357,0.000421
20.960,-0.325903,-0.148702,-0.009762
20.980,-0.388364,-0.228079,-0.001865
21.000,-0.194886,-0.053080,0.031505
21.020,-0.194332,-0.007136,-0.009223
21.040,0.045496,0.220479,0.013023
21.060,-0.063794,0.044107,-0.001751
21.080,-0.078666,0.065179,0.011161
21.100,-0.140186,0.002066,0.001847
21.120,-0.000231,0.112640,0.006957
21.140,-0.140686,0.003354,0.008434
21.160,-0.050940,0.105041,-0.009210
21.180,-0.017968,0.141502,-0.001517
21.200,-0.383047,-0.211674,-0.008875
21.220,0.062228,0.239241,0.000647
21.240,-0.258279,-0.077790,0.008719
21.260,-0.299224,-0.125936,0.009383
21.280,-0.035294,0.143950,-0.002598
21.300,-0.125476,0.032385,-0.014027
21.320,0.013684,0.200709,-0.009704
21.340,-0.303716,-0.175384,-0.002536
21.360,-0.283086,-0.082000,0.015815
21.380,-0.196651,-0.081981,0.012870
21.400,-0.038575,0.117372,0.017098
21.420,-0.041784,0.150648,0.006090
21.440,0.099182,0.269207,0.015974
21.460,0.096181,0.265221,0.012694
21.480,-0.010497,0.135743,0.018176
21.500,-0.177672,-0.038277,-0.008800
21.520,-0.144045,0.013865,0.003208
21.540,0.156067,0.371671,0.008895
21.560,-0.080956,0.008870,-0.006142
21.580,-0.323860,-0.193341,-0.002065
21.600,-0.181896,0.026612,-0.004718
21.620,-0.178434,-0.013875,0.013156
21.640,-0.306575,-0.128330,0.017506
21.660,0.080299,0.270322,0.011190
21.680,-0.118093,0.055209,0.012728
21.700,-0.173687,-0.025823,0.022358
21.720,-0.231343,-0.463156,0.008202
21.740,-0.208232,-0.103508,0.008291
21.760,0.099480,0.215682,-0.000050
21.780,-0.148374,-0.067977,0.018843
21.800,-0.177068,-0.118759,0.015390
21.820,0.048154,0.090826,0.018048
21.840,-0.114559,0.013765,0.002007
21.860,-0.043224,0.046242,0.021580
21.880,-0.283444,-0.137657,0.020032
21.900,-0.110184,-0.003165,0.006691
21.920,-0.252987,-0.110890,0.019291
21.940,-0.182620,-0.060656,0.004922
21.960,-0.236038,-0.086273,0.011820
21.980,0.273414,0.397435,0.019848
22.000,-0.284520,-0.179017,-0.001184
22.020,0.054567,0.097587,0.000355
22.040,0.310464,0.351687,0.026964
22.060,-0.113780,-0.063477,-0.007382
22.080,-0.362992,-0.321503,0.008767
22.100,-0.086170,0.026088,0.015439
22.120,-0.352758,-0.309728,0.016277
22.140,0.166017,0.235633,0.023072
22.160,-0.212575,-0.124749,-0.008987
22.180,-0.076922,-0.026982,0.012562
22.200,-0.262390,-0.134715,0.007517
22.220,-0.114529,-0.048400,0.004348
22.240,0.226146,0.325407,0.005680
22.260,0.038329,0.105855,0.008152
22.280,-0.306848,-0.302685,0.010243
22.300,0.202674,0.221229,0.000525
22.320,-0.048791,0.014247,-0.007889
22.340,-0.065324,-0.070378,0.001877
22.360,0.017024,-0.003215,0.010865
22.380,-0.127000,-0.102187,0.014885
22.400,0.083844,0.076713,0.006481
22.420,-0.169577,-0.186555,0.027022
22.440,0.115173,0.185155,0.006486
22.460,0.116335,0.103034,0.005235
22.480,-0.021384,0.010579,0.023902
22.500,-0.218991,-0.168690,0.006126
22.520,0.005536,0.007593,0.023622
22.540,-0.000004,-0.026054,0.015035
22.560,0.080530,0.038139,0.019054
22.580,-0.274327,-0.291305,0.028117
22.600,-0.022656,-0.060240,-0.001715
22.620,-0.042047,-0.049223,0.011071
22.640,0.314285,0.326309,0.008097
22.660,0.102631,0.042933,0.014656
22.680,0.009995,0.006039,0.022429
22.700,-0.032526,-0.072291,0.009440
22.720,0.059427,0.007841,-0.001823
22.740,-0.304030,-0.383244,0.007965
22.760,0.016545,-0.031516,0.017867
22.780,-0.279377,-0.345641,0.025181
22.800,0.192250,0.137029,0.032896
22.820,-0.155945,-0.177234,0.021473
22.840,-0.415874,-0.459152,0.018018
22.860,-0.201476,-0.241544,0.015030
22.880,0.134060,0.124228,0.022305
22.900,-0.107457,-0.112031,0.009653
22.920,0.038072,0.041208,0.018451
22.940,-0.303714,-0.387733,0.002124
22.960,0.149902,0.124643,0.019085
22.980,0.178454,0.109487,0.025030
23.000,-0.026031,-0.098068,0.015800
23.020,0.259252,0.216733,0.023748
23.040,-0.115872,-0.181227,0.032818
23.060,-0.071130,-0.142581,0.002921
23.080,0.026253,-0.107147,0.008994
23.100,-0.027356,-0.080444,0.021531
23.120,-0.101411,-0.131888,0.003575
23.140,-0.229855,-0.275038,0.022705
23.160,-0.199533,-0.268407,0.010730
23.180,0.072669,0.084149,0.025147
23.200,0.176624,0.159060,0.004067
23.220,0.061392,0.073929,0.007188
23.240,-0.179404,-0.201298,0.025521
23.260,-0.016594,-0.063891,0.018659
23.280,-0.012716,-0.088350,0.010190
23.300,-0.126342,-0.189467,0.018663
23.320,-0.513721,-0.612715,0.018873
23.340,-0.364502,-0.425447,0.026728
23.360,-0.022055,-0.126324,0.011483
23.380,-0.376638,-0.414125,0.035012
23.400,-0.285524,-0.289854,0.018547
23.420,-0.045903,-0.048764,0.039045
23.440,-0.273396,-0.273529,0.027428
23.460,-0.368085,-0.383191,0.022963
23.480,-0.075735,-0.078236,0.018477
23.500,0.358974,0.341921,0.023986
23.520,0.093257,0.036848,0.023507
23.540,0.155937,0.075809,0.000999
23.560,0.039163,-0.038705,0.010146
23.580,-0.177105,-0.261042,0.035838
23.600,-0.312542,-0.397568,0.022544
23.620,0.197295,0.075584,0.003337
23.640,0.050390,0.005271,0.029481
23.660,0.241036,0.184424,0.009129
23.680,-0.359883,-0.390811,0.031623
23.700,-0.079678,-0.124456,0.024842
23.720,-0.129090,-0.197337,0.032438
23.740,-0.319647,-0.299692,0.039240
23.760,-0.425638,-0.487866,0.023196
23.780,0.075378,0.018303,0.014990
23.800,0.137324,0.078066,0.035615
23.820,-0.337803,-0.386319,0.029358
23.840,-0.396147,-0.428377,0.016454
23.860,-0.392180,-0.491550,0.014506
23.880,-0.064234,-0.113278,0.026035
23.900,-0.240652,-0.294912,0.019712
23.920,-0.087772,-0.123044,0.045517
23.940,-0.423600,-0.468626,0.013207
23.960,-0.524524,-0.599402,0.019050
23.980,-0.165164,-0.221930,0.034068
24.000,0.037560,-0.034540,0.013663
24.020,0.050902,-0.093860,0.025294
24.040,0.035412,-0.013631,0.032513
24.060,-0.029992,-0.076569,0.012703
24.080,-0.275758,-0.298324,0.020939
24.100,-0.196250,-0.218888,0.023976
24.120,-0.179494,-0.179703,0.016316
24.140,0.262845,0.211821,0.038223
24.160,-0.112800,-0.078021,0.017588
24.180,0.117468,0.074740,0.030255
24.200,-0.021067,-0.087739,0.032702
24.220,-0.041901,-0.101530,0.029016
24.240,-0.112970,-0.209607,0.012356
24.260,-0.125075,-0.187481,0.029718
24.280,-0.228955,-0.334619,0.017167
24.300,0.211430,0.040371,0.021436
24.320,0.097406,-0.019124,0.020465
24.340,0.165005,0.122391,0.023234
24.360,-0.189149,-0.322216,0.043898
24.380,-0.197503,-0.252277,0.030511
24.400,-0.275293,-0.335790,0.032623
24.420,0.032792,0.030481,0.038523
24.440,-0.140093,-0.196112,0.041469
24.460,0.019418,-0.032492,0.028369
24.480,0.100115,-0.003581,0.016269
24.500,0.318495,0.256404,0.022557
24.520,-0.135789,-0.269374,0.019614
24.540,-0.190025,-0.280622,0.034903
24.560,0.434651,0.246142,0.036151
24.580,-0.036298,-0.243356,0.029116
24.600,0.081920,-0.021721,0.014283
24.620,0.129210,0.018487,0.030595
24.640,0.075618,-0.035088,0.029448
24.660,0.265422,0.149826,0.000641
24.680,-0.122373,-0.210802,0.030514
24.700,0.138264,0.064472,0.023763
24.720,0.223991,0.118755,0.034975
24.740,0.069898,-0.044088,0.035425
24.760,0.076234,-0.063888,0.022681
24.780,0.220323,0.078477,0.025883
24.800,-0.201430,-0.362365,0.022683
24.820,0.164910,0.025882,0.022066
24.840,0.194747,0.032353,0.031697
24.860,0.143069,-0.020517,0.048539
24.880,0.073379,-0.121905,0.039723
24.900,0.282703,0.123360,0.043386
24.920,0.010574,-0.109412,0.037778
24.940,0.151765,0.017904,0.030652
24.960,0.178317,0.066783,0.024778
24.980,0.243026,0.124140,0.019517
25.000,0.274017,0.167095,0.040550
25.020,0.114914,0.006765,0.020901
25.040,0.114748,-0.008374,0.021972
25.060,0.124685,-0.054390,0.027958
25.080,0.161039,0.009839,0.038358
25.100,0.058698,-0.073769,0.021724
25.120,0.344834,0.212181,0.036393
25.140,-0.081722,-0.206267,0.012380
25.160,0.168401,0.068379,0.034029
25.180,0.330826,0.176251,0.008925
25.200,0.202383,0.054507,0.013155
25.220,0.176407,0.010649,0.029826
25.240,0.024006,-0.063782,0.023482
25.260,0.107244,-0.084883,0.030953
25.280,0.078705,-0.055691,0.034228
25.300,0.118955,-0.043775,0.037243
25.320,0.060520,-0.081688,0.012855
25.340,0.106528,-0.067358,0.031906
25.360,0.123791,-0.068070,0.030091
25.380,0.133434,-0.085211,0.033864
25.400,0.102312,-0.092168,0.033728
25.420,0.126159,-0.050768,0.016477
25.440,0.145318,-0.019636,0.020560
25.460,0.168893,-0.026477,0.019038
25.480,0.143808,-0.065145,0.041758
25.500,0.236534,-0.069906,0.034062
25.520,0.194020,-0.085345,0.033741
25.540,0.207762,-0.096128,0.033188
25.560,0.242285,-0.064453,0.039355
25.580,0.211470,-0.054599,0.025406
25.600,0.219672,-0.100207,0.023543
25.620,0.209551,-0.116720,0.046098
25.640,0.234251,-0.038588,0.026864
25.660,0.211795,-0.052548,0.032513
25.680,0.205884,-0.041463,0.044755
25.700,0.255894,-0.052147,0.018308
25.720,0.219783,-0.012621,0.007253
25.740,0.225019,-0.070681,0.037576
25.760,0.311995,-0.092552,0.028484
25.780,0.237380,-0.085618,0.014965
25.800,0.267845,-0.138850,0.026423
25.820,0.303452,-0.110771,0.037664
25.840,0.316472,-0.125356,0.024201
25.860,0.307647,-0.130610,0.027363
25.880,0.288255,-0.145610,0.043269
25.900,0.349095,-0.068996,0.031590
25.920,0.310959,-0.045467,0.037480
25.940,0.321113,-0.073776,0.046709
25.960,0.313687,-0.069314,0.019567
25.980,0.302812,-0.067689,0.055334
26.000,0.282567,-0.044655,0.029069
26.020,0.296071,-0.066235,0.032734
26.040,0.317114,-0.060608,0.046706
26.060,0.374006,-0.080140,0.015441
26.080,0.360305,-0.117107,0.017675
26.100,0.321034,-0.062674,0.017955
26.120,0.402172,-0.095995,0.041540
26.140,0.396877,-0.068131,0.027547
26.160,0.403247,-0.102284,0.045925
26.180,0.382694,-0.042613,0.041751
26.200,0.422118,-0.047599,0.033565
26.220,0.432707,-0.050212,0.009373
26.240,0.382705,-0.079404,0.045869
26.260,0.404919,-0.086339,0.030535
26.280,0.395823,-0.074271,0.042424
26.300,0.405222,-0.089976,0.024951
26.320,0.435159,-0.153257,0.053066
26.340,0.420456,-0.120620,0.047787
26.360,0.419187,-0.089649,0.033647
26.380,0.443412,-0.113173,0.028038
26.400,0.456935,-0.060898,0.040540
26.420,0.465631,-0.069700,0.021988
26.440,0.463153,-0.092628,0.028559
26.460,0.497647,-0.062504,0.024706
26.480,0.503121,-0.045719,0.021937
26.500,0.508767,-0.075257,0.014908
26.520,0.538833,-0.095054,0.058100
26.540,0.506290,-0.069007,0.041595
26.560,0.516487,-0.114868,0.034468
26.580,0.530369,-0.132000,0.020525
26.600,0.520854,-0.130589,0.043883
26.620,0.516183,-0.107848,0.037593
26.640,0.544127,-0.068194,0.028151
26.660,0.516405,-0.102644,0.032962
26.680,0.521094,-0.094932,0.045474
26.700,0.603356,-0.070603,0.021905
26.720,0.538825,-0.065610,0.027696
26.740,0.612082,-0.076342,0.022135
26.760,0.612161,-0.107373,0.037666
26.780,0.626236,-0.100583,0.033320
26.800,0.616517,-0.099128,0.017953
26.820,0.622216,-0.112620,0.043529
26.840,0.607577,-0.117212,0.019452
26.860,0.633687,-0.104430,0.034565
26.880,0.635574,-0.051782,0.027105
26.900,0.645514,-0.067594,0.045169
26.920,0.621874,-0.053912,0.028593
26.940,0.682955,-0.051522,0.018555
26.960,0.691855,-0.064752,0.029177
26.980,0.655555,-0.097506,0.032629
27.000,0.731404,-0.074065,0.027926
27.020,0.692642,-0.080797,0.031200
27.040,0.779178,-0.061303,0.030051
27.060,0.780205,-0.115942,0.042046
27.080,0.765525,-0.059228,0.014472
27.100,0.775062,-0.115257,0.049054
27.120,0.743266,-0.102429,0.032041
27.140,0.770674,-0.074551,0.043324
27.160,0.773542,-0.078535,0.038603
27.180,0.760087,-0.044071,0.017198
27.200,0.767076,-0.064325,0.023544
27.220,0.772979,-0.068936,0.023816
27.240,0.778462,-0.086021,0.023364
27.260,0.811290,-0.079149,0.029821
27.280,0.847329,-0.062545,0.025758
27.300,0.855628,-0.086727,0.032962
27.320,0.823376,-0.099768,0.020915
27.340,0.867189,-0.085986,0.016405
27.360,0.893117,-0.089930,0.033318
27.380,0.918027,-0.048682,0.045280
27.400,0.916275,-0.067202,0.034653
27.420,0.943461,0.004760,0.026296
27.440,0.916430,-0.008003,0.034294
27.460,0.927165,-0.023634,0.029439
27.480,0.927707,-0.013739,0.017104
27.500,0.938517,-0.037738,0.035676
27.520,0.911867,-0.035445,0.018301
27.540,0.968599,-0.050469,0.024671
27.560,0.961847,-0.050754,0.032133
27.580,0.989581,-0.024901,0.018026
27.600,0.980717,-0.039237,0.044941
27.620,0.977106,-0.013990,0.015339
27.640,1.029870,0.001950,0.024788
27.660,0.997590,-0.025870,0.023994
27.680,1.066295,0.018814,0.000750
27.700,1.077476,-0.005102,0.031987
27.720,1.057114,-0.010697,0.042987
27.740,1.088359,-0.010878,0.024005
27.760,1.060889,0.012765,0.026536
27.780,1.085292,0.000017,0.037759
27.800,1.080165,-0.024307,0.029554
27.820,1.076525,-0.041369,0.038130
27.840,1.113632,-0.040249,0.029154
27.860,0.978509,-0.101365,0.017900
27.880,0.930794,-0.164953,0.024616
27.900,0.988580,-0.086892,0.018333
27.920,1.055420,-0.045672,0.024055
27.940,1.080241,0.003489,0.024889
27.960,1.410709,0.273665,0.028973
27.980,1.295867,0.186368,0.037486
28.000,1.112289,-0.013545,0.031237
28.020,0.980113,-0.192043,0.041388
28.040,1.254263,0.043646,0.030080
28.060,1.232486,0.012732,0.017833
28.080,1.170565,-0.033899,0.034820
28.100,1.184237,-0.045815,0.019311
28.120,1.249100,0.003718,0.009451
28.140,1.112613,-0.089251,0.051750
28.160,1.150243,-0.088108,0.015439
28.180,1.157740,0.028783,0.025954
28.200,0.685491,-0.483824,0.022177
28.220,1.164853,-0.022389,0.037274
28.240,1.357078,0.192624,0.009136
28.260,1.340014,0.167536,0.037681
28.280,1.148387,-0.027441,0.016422
28.300,1.383292,0.222650,0.029694
28.320,1.184908,0.032783,0.031733
28.340,1.119770,-0.070386,0.033123
28.360,0.871962,-0.288027,0.034008
28.380,1.083325,-0.072748,0.018521
28.400,1.283793,0.138121,0.015758
28.420,1.216463,0.096055,0.011023
28.440,1.462152,0.442556,0.013416
28.460,1.055168,0.013069,0.019084
28.480,1.426264,0.460846,0.027304
28.500,0.932621,-0.066772,0.022782
28.520,1.069045,0.057586,0.026576
28.540,1.268020,0.260938,0.025919
28.560,0.947068,-0.072504,0.021368
28.580,1.008926,-0.022005,0.038095
28.600,0.788801,-0.268414,0.000130
28.620,1.270842,0.256268,0.023726
28.640,1.202673,0.284131,0.014336
28.660,0.835710,-0.164461,0.019762
28.680,1.238778,0.245432,0.027581
28.700,1.038482,0.035083,-0.005751
28.720,1.310056,0.404104,0.025120
28.740,1.120449,0.210855,0.027561
28.760,0.734409,-0.204787,0.011590
28.780,0.954737,0.054936,0.027321
28.800,1.117335,0.244661,-0.007584
28.820,1.009713,0.113843,0.010543
28.840,0.806181,-0.100605,0.017109
28.860,0.841686,-0.048160,0.032789
28.880,1.092604,0.241703,0.031086
28.900,0.930970,0.094505,0.027013
28.920,0.933572,0.052195,0.014065
28.940,0.602900,-0.192047,0.029597
28.960,0.867951,0.056886,0.012419
28.980,0.861571,0.045357,0.034057
29.000,0.733873,-0.108976,0.019743
29.020,0.933202,0.145864,0.022444
29.040,0.896806,0.113450,0.003865
29.060,0.816438,0.060427,0.016462
29.080,0.799764,0.035503,0.011713
29.100,0.787345,-0.019019,0.015592
29.120,0.975418,0.207567,0.002345
29.140,0.689666,-0.014606,0.011070
29.160,0.848761,0.106558,0.013923
29.180,0.747265,0.049449,0.037563
29.200,1.069871,0.342151,0.033021
29.220,0.600984,-0.113486,0.009922
29.240,0.690434,-0.022666,0.028373
29.260,0.427153,-0.291823,0.025870
29.280,0.694525,-0.047925,0.018913
29.300,0.733362,0.034910,0.007608
29.320,0.693195,-0.038785,0.024890
29.340,0.673434,-0.021441,0.026147
29.360,0.764864,0.093396,0.035851
29.380,0.516405,-0.134320,0.019922
29.400,0.683744,0.040684,0.021318
29.420,0.855974,0.205595,0.032877
29.440,0.773605,0.116023,0.035281
29.460,0.352808,-0.267422,0.027034
29.480,0.775848,0.210411,0.026989
29.500,0.682055,0.125104,0.021011
29.520,0.622359,-0.046511,0.027854
29.540,0.537719,-0.052841,0.013517
29.560,0.751782,0.118000,0.015438
29.580,0.801655,0.152557,0.026584
29.600,0.584154,-0.015559,0.024593
29.620,0.629276,-0.027370,0.004224
29.640,0.582047,-0.046963,0.017370
29.660,0.637922,0.058188,0.016578
29.680,0.395364,-0.112248,0.020256
29.700,0.565723,0.067534,0.026603
29.720,0.374739,-0.166323,0.001567
29.740,0.642029,0.128483,0.018361
29.760,0.524530,-0.021919,0.030927
29.780,0.687411,0.118171,0.010651
29.800,0.480615,-0.091760,0.013194
29.820,0.634299,0.059928,-0.002269
29.840,0.808204,0.251421,0.025440
29.860,0.605922,-0.002159,0.022390
29.880,0.555631,0.007748,0.020367
29.900,0.562428,-0.005580,0.015579
29.920,0.565884,0.016920,0.004227
29.940,0.519778,-0.006496,0.021021
29.960,0.562922,0.012029,0.021723
29.980,0.546264,0.014719,0.017535
30.000,0.527010,0.000657,0.025780
30.020,0.530682,-0.025088,0.014572
30.040,0.501855,-0.019125,0.009017
30.060,0.465382,-0.009060,0.018028
30.080,0.487340,-0.017591,0.006774
30.100,0.457680,-0.022031,0.026641
30.120,0.507954,-0.006764,0.016408
30.140,0.490876,-0.061947,0.015113
30.160,0.448970,-0.061243,0.010106
30.180,0.485820,-0.026972,0.004939
30.200,0.487274,-0.011845,0.018492
30.220,0.475900,0.002883,0.012531
30.240,0.515681,-0.008014,0.004704
30.260,0.464554,-0.006307,0.012537
30.280,0.456879,-0.026171,0.003238
30.300,0.446949,0.015479,0.019901
30.320,0.432643,-0.053288,0.028431
30.340,0.431598,-0.020811,-0.007197
30.360,0.362954,-0.066074,0.020032
30.380,0.396008,-0.029484,0.009140
30.400,0.394076,-0.063595,0.017692
30.420,0.378491,-0.019867,0.002539
30.440,0.353601,0.008828,-0.004042
30.460,0.364635,-0.017553,0.005363
30.480,0.353011,0.003443,0.002672
30.500,0.374545,-0.044239,-0.002014
30.520,0.401373,0.010755,-0.003438
30.540,0.382011,-0.058119,0.004232
30.560,0.392096,-0.012969,0.002978
30.580,0.399034,-0.058744,0.021443
30.600,0.374026,-0.046724,0.010644
30.620,0.340225,-0.058156,0.016115
30.640,0.332348,-0.054375,0.019901
30.660,0.324021,-0.068763,0.003723
30.680,0.265023,-0.063628,-0.003441
30.700,0.296089,-0.040359,0.005700
30.720,0.277081,-0.027263,0.021495
30.740,0.253860,-0.039747,-0.011324
30.760,0.257854,-0.065096,0.018630
30.780,0.276747,-0.068181,0.020596
30.800,0.231036,-0.060615,-0.006078
30.820,0.273537,-0.081559,0.000273
30.840,0.243774,-0.085999,0.012061
30.860,0.293586,-0.082666,-0.001814
30.880,0.259025,-0.060643,-0.003062
30.900,0.245593,-0.073410,0.022452
30.920,0.219408,-0.033582,0.008782
30.940,0.189262,-0.045657,0.006768
30.960,0.168467,-0.039603,0.005366
30.980,0.152536,-0.022019,0.010816
31.000,0.643440,-0.439848,0.007522
31.020,0.131472,-0.039921,-0.005888
31.040,0.105291,-0.052294,-0.008959
31.060,0.145508,-0.068900,0.009384
31.080,0.124197,-0.091636,-0.011238
31.100,0.131816,-0.064847,-0.006577
31.120,0.085269,-0.076463,0.009036
31.140,0.132744,-0.067179,0.023269
31.160,0.114460,-0.053442,-0.008878
31.180,0.104322,-0.074043,0.027606
31.200,0.085552,-0.034734,0.004800
31.220,0.107580,-0.048061,-0.006636
31.240,0.050987,-0.039642,-0.001065
31.260,0.056627,-0.029240,0.014165
31.280,0.029622,-0.026141,-0.010110
31.300,0.062400,-0.076164,0.011616
31.320,-0.002572,-0.068263,0.012456
31.340,0.045417,-0.069899,-0.000506
31.360,0.024617,-0.045830,-0.000679
31.380,0.028946,-0.068178,0.003452
31.400,-0.003970,-0.057463,-0.013687
31.420,0.025641,-0.025043,0.000886
31.440,0.025166,-0.027337,-0.000414
31.460,0.051757,-0.013596,-0.005281
31.480,0.061561,-0.002403,-0.003068
31.500,-0.005926,-0.014861,-0.003265
31.520,0.025331,-0.042344,0.001023
31.540,0.073846,-0.073725,0.000759
31.560,0.008795,-0.053904,0.005401
31.580,-0.014551,-0.070904,0.008524
31.600,0.001221,-0.094083,0.004787
31.620,-0.027005,-0.081096,0.006300
31.640,-0.016246,-0.074044,-0.006928
31.660,-0.047777,-0.035213,-0.010150
31.680,-0.055655,-0.023644,-0.009019
31.700,-0.016326,-0.037883,0.001596
31.720,-0.017155,-0.028371,-0.009779
31.740,-0.026723,-0.032088,0.008487
31.760,-0.034154,-0.013969,-0.018036
31.780,-0.037481,-0.047653,-0.021840
31.800,-0.025608,-0.022966,-0.029311
31.820,-0.043937,-0.044633,-0.004608
31.840,-0.012332,-0.056751,-0.002175
31.860,0.002944,-0.078943,0.001000
31.880,-0.029195,-0.046680,-0.005756
31.900,-0.043779,-0.064923,0.000882
31.920,-0.028158,-0.030296,0.000029
31.940,-0.062277,-0.040420,-0.005717
31.960,-0.422798,-0.197967,-0.000423
31.980,-0.045494,-0.006417,0.010068
32.000,-0.081578,-0.022475,-0.005342
32.020,-0.082239,-0.052282,-0.007037
32.040,-0.029654,-0.023631,-0.003981
32.060,-0.059712,-0.061372,-0.008519
32.080,-0.049310,-0.035106,-0.012517
32.100,-0.057138,-0.058479,0.008372
32.120,0.003877,-0.099531,-0.008098
32.140,-0.000872,-0.014881,-0.000020
32.160,-0.069209,-0.049050,-0.016297
32.180,-0.035797,-0.036621,-0.001179
32.200,-0.044612,-0.032532,-0.009694
32.220,-0.073291,-0.043120,-0.018452
32.240,-0.055294,-0.010614,-0.028941
32.260,-0.063187,-0.031389,-0.018903
32.280,-0.089877,-0.027118,-0.011475
32.300,-0.073797,-0.107521,-0.014954
32.320,-0.072924,-0.076570,-0.010552
32.340,-0.034172,-0.081733,0.010569
32.360,-0.079952,-0.075432,-0.007317
32.380,-0.048299,-0.062901,-0.005554
32.400,-0.051922,-0.082090,-0.000215
32.420,-0.026112,-0.065237,0.001871
32.440,-0.038358,-0.044445,-0.022161
32.460,-0.015157,-0.012077,-0.004198
32.480,-0.009729,-0.042754,-0.014829
32.500,-0.061527,-0.047624,-0.020845
32.520,-0.055053,-0.016780,-0.001840
32.540,-0.071573,-0.075450,-0.000219
32.560,-0.032019,-0.086729,-0.027677
32.580,-0.046062,-0.085290,-0.009254
32.600,-0.037974,-0.082097,-0.012276
32.620,-0.059651,-0.106962,-0.020213
32.640,-0.050010,-0.078974,0.003426
32.660,-0.013722,-0.114198,-0.004599
32.680,-0.025792,-0.082768,-0.019115
32.700,-0.016808,-0.094438,0.007960
32.720,-0.020059,-0.068747,-0.005206
32.740,0.018789,-0.044280,-0.016032
32.760,-0.042139,-0.082293,-0.016273
32.780,-0.032614,-0.066719,-0.021526
32.800,-0.036813,-0.080237,-0.004641
32.820,-0.024290,-0.097702,-0.010467
32.840,-0.058916,-0.162398,0.002548
32.860,0.004103,-0.115705,-0.017425
32.880,-0.035737,-0.071802,-0.009223
32.900,-0.042714,-0.120963,-0.024791
32.920,-0.030841,-0.105265,-0.014563
32.940,-0.036793,-0.082769,-0.010825
32.960,-0.028056,-0.078540,0.011773
32.980,-0.044467,-0.085858,-0.032163
33.000,-0.026985,-0.057818,-0.030138
33.020,0.018093,-0.101043,-0.013362
33.040,0.004284,-0.098495,-0.006936
33.060,0.006631,-0.143583,-0.016802
33.080,0.010781,-0.146981,-0.008292
33.100,-0.028771,-0.137382,-0.009579
33.120,-0.016086,-0.149624,-0.011075
33.140,-0.001587,-0.157003,0.003668
33.160,-0.018284,-0.145977,-0.005672
33.180,-0.034037,-0.125524,-0.007998
33.200,-0.014301,-0.103872,-0.010843
33.220,-0.003021,-0.135161,-0.009289
33.240,0.009449,-0.115757,-0.010994
33.260,-0.018206,-0.136704,-0.018068
33.280,-0.016789,-0.149381,-0.045220
33.300,0.003297,-0.156623,-0.028283
33.320,0.014450,-0.117106,0.003928
33.340,-0.006071,-0.118314,-0.003139
33.360,-0.005444,-0.173236,-0.006303
33.380,0.036156,-0.144834,-0.024096
33.400,0.006655,-0.145082,-0.023071
33.420,0.044223,-0.151936,-0.009961
33.440,-0.009190,-0.124249,-0.018043
33.460,-0.011860,-0.142374,-0.006050
33.480,0.030963,-0.089290,-0.023638
33.500,-0.031342,-0.159108,-0.008334
33.520,-0.056603,-0.132318,-0.026408
33.540,-0.055517,-0.172774,-0.016391
33.560,0.010161,-0.175404,-0.011490
33.580,-0.020865,-0.161230,-0.001378
33.600,0.006637,-0.169290,-0.003011
33.620,-0.002361,-0.181162,-0.026076
33.640,-0.021528,-0.190019,-0.012060
33.660,0.019481,-0.161628,-0.008417
33.680,-0.003977,-0.174652,-0.045498
33.700,0.027096,-0.163791,-0.014887
33.720,0.001585,-0.168200,-0.001744
33.740,0.005300,-0.171760,-0.020523
33.760,-0.031438,-0.163042,-0.029441
33.780,-0.029771,-0.151224,-0.033107
33.800,-0.061908,-0.164441,-0.013907
33.820,-0.039016,-0.190610,-0.028219
33.840,-0.033505,-0.186636,-0.022263
33.860,-0.068006,-0.198049,-0.017785
33.880,-0.031915,-0.166129,-0.006568
33.900,-0.070556,-0.195533,-0.018723
33.920,-0.032437,-0.190746,-0.010594
33.940,-0.067516,-0.150313,-0.027344
33.960,-0.012303,-0.156262,-0.014645
33.980,-0.018264,-0.134808,-0.014057
34.000,-0.041548,-0.166507,-0.016497
34.020,-0.027931,-0.169806,-0.036229
34.040,-0.004352,-0.163344,-0.033428
34.060,-0.013485,-0.151115,-0.019247
34.080,-0.050027,-0.184961,-0.023225
34.100,-0.059596,-0.233272,-0.025792
34.120,-0.088604,-0.201893,-0.020019
34.140,-0.095975,-0.188853,-0.029139
34.160,-0.096405,-0.178546,-0.027382
34.180,-0.118537,-0.163160,-0.026148
34.200,-0.041654,-0.183732,-0.015826
34.220,-0.050138,-0.122267,-0.028337
34.240,-0.059913,-0.140078,-0.026032
34.260,-0.058900,-0.146317,-0.033647
34.280,-0.065008,-0.144739,-0.008655
34.300,-0.068268,-0.163450,-0.025978
34.320,-0.077504,-0.113318,-0.026225
34.340,-0.069653,-0.189058,-0.022433
34.360,-0.030366,-0.191247,-0.005161
34.380,-0.100438,-0.207360,-0.010155
34.400,-0.106067,-0.183434,-0.006419
34.420,-0.078817,-0.156328,-0.035568
34.440,-0.126176,-0.159198,-0.020375
34.460,-0.111487,-0.128858,-0.027597
34.480,-0.115306,-0.082465,-0.019144
34.500,-0.124504,-0.099857,-0.036479
34.520,-0.129061,-0.149585,-0.012592
34.540,-0.103576,-0.116033,-0.026839
34.560,-0.092802,-0.168873,-0.027352
34.580,-0.093986,-0.166782,-0.025767
34.600,-0.094929,-0.135603,-0.013815
34.620,-0.123132,-0.164142,-0.027540
34.640,-0.100396,-0.140774,-0.036998
34.660,-0.106806,-0.152993,-0.011995
34.680,-0.104738,-0.136213,-0.039582
34.700,-0.146908,-0.146616,-0.031151
34.720,-0.099624,-0.090668,-0.043873
34.740,-0.097321,-0.077058,-0.027518
34.760,-0.143190,-0.118437,-0.029553
34.780,-0.084189,-0.127316,-0.037288
34.800,-0.137346,-0.150390,-0.026829
34.820,-0.141878,-0.133246,-0.016713
34.840,-0.125307,-0.125860,-0.027555
34.860,-0.109655,-0.119892,-0.025907
34.880,-0.084907,-0.110062,-0.032186
34.900,-0.088827,-0.103400,-0.007185
34.920,-0.102987,-0.099703,-0.013967
34.940,-0.079460,-0.082606,-0.017155
34.960,-0.102410,-0.074142,-0.024619
34.980,-0.053977,-0.062333,-0.035718
35.000,-0.100012,-0.046452,-0.030142
35.020,-0.119214,-0.091629,-0.021654
35.040,-0.099307,-0.099189,-0.019042
35.060,-0.110720,-0.098919,-0.020534
35.080,-0.136162,-0.096914,-0.023386
35.100,-0.132261,-0.106700,-0.036494
35.120,-0.150962,-0.090575,-0.027740
35.140,-0.116452,-0.053548,-0.028174
35.160,-0.108841,-0.075353,-0.034482
35.180,-0.085918,-0.120031,-0.022575
35.200,-0.082380,-0.068635,-0.042412
35.220,-0.126521,-0.066720,-0.020792
35.240,-0.063343,-0.064599,-0.023532
35.260,-0.060571,-0.039861,-0.027215
35.280,-0.063877,-0.034190,-0.029671
35.300,-0.029072,-0.044391,-0.037582
35.320,-0.075643,-0.074077,-0.024252
35.340,-0.092304,-0.062841,-0.009831
35.360,-0.030856,-0.070050,-0.027530
35.380,-0.114230,-0.072973,-0.030110
35.400,-0.125600,-0.067018,-0.038061
35.420,0.539724,-0.326504,-0.016323
35.440,-0.104893,-0.070454,-0.026324
35.460,-0.062745,-0.021126,-0.025356
35.480,-0.059632,-0.021744,-0.023277
35.500,-0.053067,-0.047098,-0.012430
35.520,-0.057238,0.028477,-0.047559
35.540,-0.017181,-0.011734,-0.017907
35.560,-0.055794,-0.014415,-0.027089
35.580,-0.044485,-0.047255,-0.044053
35.600,0.007124,-0.070284,-0.013502
35.620,-0.008501,-0.075850,-0.030344
35.640,-0.047295,-0.042708,-0.026602
35.660,-0.068124,-0.015364,-0.029355
35.680,-0.032463,-0.042879,-0.023777
35.700,-0.065583,-0.021588,-0.052315
35.720,-0.053475,-0.027343,-0.039957
35.740,-0.020786,0.007295,-0.042304
35.760,-0.024437,-0.008347,-0.031206
35.780,-0.017016,-0.004304,-0.051798
35.800,-0.000726,-0.018277,-0.036573
35.820,-0.013770,-0.003877,-0.028310
35.840,0.015767,-0.035168,-0.032648
35.860,0.065734,-0.055731,-0.034675
35.880,0.025286,-0.054392,-0.033357
35.900,0.002721,-0.058006,-0.021913
35.920,0.018225,-0.029312,-0.024685
35.940,-0.007300,-0.006629,-0.031729
35.960,-0.001699,-0.001574,-0.032516
35.980,-0.005964,-0.012805,-0.042902
36.000,0.002191,-0.002252,-0.037266
36.020,-0.031300,-0.047634,-0.023838
36.040,-0.015278,0.000343,-0.032256
36.060,-0.016478,-0.007394,-0.018214
36.080,-0.021677,-0.014659,-0.044266
36.100,0.011648,-0.009318,-0.018923
36.120,0.001697,-0.024203,-0.031674
36.140,0.044037,-0.006576,-0.035908
36.160,0.020476,-0.015411,-0.010965
36.180,0.049210,-0.023191,-0.036619
36.200,0.025419,-0.019678,-0.031391
36.220,0.072137,0.007583,-0.041637
36.240,0.041216,-0.001211,-0.041626
36.260,0.003026,0.011044,-0.022390
36.280,0.048288,0.009033,-0.019136
36.300,-0.014541,-0.000732,-0.040554
36.320,0.007525,-0.021019,-0.018582
36.340,0.019819,-0.235553,-0.029714
36.360,0.039501,-0.228628,-0.038936
36.380,0.030215,-0.245132,-0.039513
36.400,0.015610,-0.256330,-0.034257
36.420,-0.088208,0.014548,-0.033408
36.440,0.004325,-0.248539,-0.025540
36.460,0.024551,-0.200301,-0.013035
36.480,0.052013,-0.223089,-0.032402
36.500,0.065740,-0.192687,-0.021956
36.520,0.028104,-0.240265,-0.031021
36.540,0.044439,-0.222022,-0.033363
36.560,0.060106,-0.202951,-0.019707
36.580,0.041217,-0.274162,-0.037581
36.600,0.059502,-0.275485,-0.041803
36.620,0.025940,-0.256233,-0.032412
36.640,0.003933,-0.244727,-0.017893
36.660,0.013227,-0.246416,-0.038678
36.680,0.006434,-0.224546,-0.013262
36.700,-0.007609,-0.222305,-0.030434
36.720,0.001000,-0.236439,-0.033906
36.740,-0.023417,-0.223503,-0.024370
36.760,0.001353,-0.217008,-0.021719
36.780,0.019895,-0.222911,-0.021331
36.800,0.030286,-0.216449,-0.041518
36.820,0.019282,-0.274975,-0.025897
36.840,0.038360,-0.262056,-0.029796
36.860,0.026607,-0.275134,-0.034422
36.880,0.027080,-0.253765,-0.030709
36.900,0.017075,-0.294139,-0.049028
36.920,-0.014154,-0.268809,-0.041863
36.940,0.005711,-0.248122,-0.034234
36.960,0.020380,-0.267365,-0.027087
36.980,0.005092,-0.238986,-0.023595
37.000,-0.000237,-0.219330,-0.044804
37.020,-0.011288,-0.219248,-0.016104
37.040,-0.025212,-0.249134,-0.025328
37.060,-0.003762,-0.236602,-0.031971
37.080,0.004469,-0.273843,-0.039351
37.100,0.021750,-0.249826,-0.022920
37.120,0.013708,-0.235623,-0.030914
37.140,0.007705,-0.283470,-0.038578
37.160,-0.004160,-0.263447,-0.041779
37.180,0.021261,-0.261460,-0.044777
37.200,-0.000378,-0.235328,-0.029190
37.220,0.007495,-0.256219,-0.031086
37.240,-0.024546,-0.205135,-0.025207
37.260,0.001537,-0.225652,-0.023775
37.280,-0.067156,-0.221286,-0.039805
37.300,-0.036681,-0.241752,-0.031255
37.320,-0.042648,-0.254082,-0.041324
37.340,0.001832,-0.259395,-0.039514
37.360,-0.038669,-0.258250,-0.037359
37.380,-0.024598,-0.266667,-0.040113
37.400,-0.011426,-0.255587,-0.043819
37.420,0.051396,-0.271851,-0.034875
37.440,-0.010616,-0.240669,-0.038152
37.460,0.020633,-0.224131,-0.022672
37.480,0.009998,-0.240186,-0.034627
37.500,-0.015030,-0.261269,-0.019985
37.520,-0.020587,-0.202776,-0.012153
37.540,0.015695,-0.212176,-0.031397
37.560,-0.024235,-0.207216,-0.043005
37.580,-0.001920,-0.232477,-0.031227
37.600,-0.017338,-0.216658,-0.022044
37.620,-0.057258,-0.260769,-0.032133
37.640,0.028366,-0.274104,-0.034313
37.660,-0.020700,-0.239133,-0.027677
37.680,-0.008031,-0.253285,-0.029129
37.700,-0.006747,-0.255807,-0.018211
37.720,0.149106,-0.747163,-0.031232
37.740,0.029049,-0.234854,-0.027654
37.760,0.008919,-0.190743,-0.008648
37.780,0.009582,-0.230047,-0.032308
37.800,0.051658,-0.234863,-0.011840
37.820,0.053369,-0.225544,-0.026384
37.840,0.030411,-0.242217,-0.027231
37.860,-0.013147,-0.253084,-0.041889
37.880,0.047353,-0.227575,-0.043326
37.900,0.029385,-0.241661,-0.018386
37.920,0.020011,-0.272819,-0.026174
37.940,0.032886,-0.226798,-0.042190
37.960,0.025498,-0.201132,-0.020983
37.980,0.040904,-0.161981,-0.015873
38.000,0.014474,-0.219732,-0.057083
38.020,0.034652,-0.179996,-0.034647
38.040,0.040794,-0.203954,-0.021872
38.060,0.071081,-0.220062,-0.017810
38.080,0.089439,-0.226428,-0.025538
38.100,0.096715,-0.217405,-0.021833
38.120,0.095853,-0.257073,-0.025615
38.140,0.091399,-0.257226,-0.032352
38.160,0.060362,-0.239092,-0.027488
38.180,0.076588,-0.200420,-0.025149
38.200,0.082752,-0.221978,-0.032254
38.220,0.045911,-0.189782,-0.038629
38.240,0.055842,-0.207488,-0.028261
38.260,0.091932,-0.171464,-0.010020
38.280,0.064641,-0.218380,-0.005692
38.300,0.085321,-0.203124,-0.023101
38.320,0.063374,-0.179375,-0.028977
38.340,0.077425,-0.221421,-0.039177
38.360,0.114548,-0.176980,-0.038486
38.380,0.107928,-0.262382,-0.014805
38.400,0.081061,-0.236837,-0.018483
38.420,0.114486,-0.219811,-0.022272
38.440,0.151599,-0.218631,-0.022649
38.460,0.124819,-0.206461,-0.028336
38.480,0.142662,-0.176895,-0.034574
38.500,0.069542,-0.197261,-0.035792
38.520,0.091618,-0.160275,-0.021897
38.540,0.121720,-0.114517,-0.011816
38.560,0.135248,-0.161403,-0.020523
38.580,0.103623,-0.179143,-0.034160
38.600,0.108730,-0.212463,-0.017873
38.620,0.144112,-0.173474,-0.003575
38.640,0.184973,-0.209197,-0.024326
38.660,0.139371,-0.217052,-0.003989
38.680,0.134142,-0.212326,-0.025574
38.700,0.138254,-0.197529,-0.023772
38.720,0.162784,-0.195582,-0.018745
38.740,0.166496,-0.162158,-0.019360
38.760,0.180511,-0.135040,-0.014922
38.780,0.127880,-0.179294,-0.036221
38.800,0.156009,-0.171863,-0.032151
38.820,0.165784,-0.136254,-0.026518
38.840,0.145011,-0.185116,-0.012901
38.860,0.140500,-0.207462,-0.010329
38.880,0.142010,-0.194353,-0.012454
38.900,0.140062,-0.196854,-0.010451
38.920,0.138278,-0.179758,-0.026356
38.940,0.167739,-0.191361,-0.023077
38.960,0.137702,-0.179301,-0.007975
38.980,0.188249,-0.151465,-0.028623
39.000,0.167022,-0.153624,-0.011225
39.020,0.133594,-0.163831,-0.023956
39.040,0.163508,-0.185175,-0.005063
39.060,0.149944,-0.151870,-0.005967
39.080,0.166498,-0.205630,-0.030001
39.100,0.158260,-0.169537,-0.016783
39.120,0.145701,-0.181312,-0.016768
39.140,0.157495,-0.183175,-0.001646
39.160,0.162365,-0.210803,-0.027535
39.180,0.154403,-0.155987,-0.010235
39.200,0.114841,-0.159371,-0.026688
39.220,0.142339,-0.167388,-0.008046
39.240,0.148192,-0.156477,-0.021078
39.260,0.171930,-0.215443,-0.032775
39.280,0.171014,-0.145254,-0.024210
39.300,0.156840,-0.147747,-0.001706
39.320,0.185248,-0.171186,-0.021240
39.340,0.168908,-0.190427,-0.014144
39.360,0.183813,-0.218991,-0.007156
39.380,0.137164,-0.212696,-0.015142
39.400,0.129519,-0.181240,-0.037387
39.420,0.162904,-0.191442,-0.015197
39.440,0.156538,-0.184349,-0.019249
39.460,0.129280,-0.197031,-0.004829
39.480,0.135913,-0.203114,-0.000932
39.500,0.124120,-0.186250,-0.023433
39.520,0.104075,-0.176887,-0.040836
39.540,0.116287,-0.160408,-0.014560
39.560,0.127870,-0.191944,-0.022943
39.580,0.126782,-0.220404,-0.020953
39.600,0.174699,-0.217928,-0.046590
39.620,0.151417,-0.236754,-0.018366
39.640,0.143014,-0.208678,-0.007239
39.660,0.145858,-0.222110,-0.014920
39.680,0.192800,-0.227281,-0.030795
39.700,0.141937,-0.225510,-0.014780
39.720,0.149255,-0.169261,-0.022910
39.740,0.136067,-0.212172,-0.009475
39.760,0.146628,-0.241808,-0.031914
39.780,0.122198,-0.185279,-0.026095
39.800,0.113604,-0.203480,-0.005991
39.820,0.071211,-0.194984,0.002192
39.840,0.066648,-0.234053,-0.018518
39.860,0.096670,-0.260504,-0.022588
39.880,0.112731,-0.245122,-0.021619
39.900,0.112310,-0.256918,-0.022055
39.920,0.116214,-0.241683,-0.024554
39.940,0.105451,-0.279209,-0.017534
39.960,0.122616,-0.215245,-0.026753
39.980,0.134211,-0.246070,-0.014790
40.000,0.111948,-0.214376,-0.024725
40.020,0.128000,-0.239839,-0.020063
40.040,0.143880,-0.267665,-0.018066
40.060,0.116408,-0.219098,-0.009161
40.080,0.093001,-0.247382,-0.007488
40.100,0.084885,-0.300700,-0.005265
40.120,0.086947,-0.305833,-0.032481
40.140,0.094403,-0.255323,-0.006724
40.160,0.063567,-0.284014,-0.021424
40.180,0.103124,-0.267765,-0.011744
40.200,0.080895,-0.259631,-0.009661
40.220,0.087910,-0.287230,-0.030568
40.240,0.094400,-0.268376,-0.006088
40.260,0.143376,-0.235445,-0.015863
40.280,0.106238,-0.267362,-0.026719
40.300,0.144352,-0.308829,-0.018106
40.320,0.111360,-0.292983,-0.008322
40.340,0.060883,-0.107002,-0.018083
40.360,0.103381,-0.084645,-0.015917
40.380,0.128433,-0.101690,-0.010587
40.400,0.078167,-0.103622,0.008922
40.420,0.084380,-0.083958,-0.026254
40.440,0.072123,-0.114245,-0.010258
40.460,0.055193,-0.088062,-0.008999
40.480,0.067569,-0.089574,-0.015921
40.500,0.103630,-0.061596,-0.015945
40.520,0.116487,-0.088269,-0.005561
40.540,0.120924,-0.076807,-0.017200
40.560,0.096333,-0.061608,-0.006609
40.580,0.142199,-0.071152,0.000919
40.600,0.138876,-0.111988,0.005375
40.620,0.156722,-0.147547,0.013700
40.640,0.099368,-0.170965,-0.026468
40.660,0.096587,-0.118767,-0.015850
40.680,0.126504,-0.106831,-0.002065
40.700,0.087789,-0.092747,-0.013037
40.720,0.108608,-0.119276,-0.005469
40.740,0.129938,-0.120048,-0.017309
40.760,0.078267,-0.095975,-0.026807
40.780,0.069574,-0.045580,0.008484
40.800,0.108427,-0.096402,-0.009289
40.820,0.098690,-0.099027,-0.024827
40.840,0.123905,-0.131784,-0.003196
40.860,0.154654,-0.133360,-0.012009
40.880,0.132886,-0.168701,0.011061
40.900,0.157731,-0.173722,0.007424
40.920,0.162786,-0.147226,-0.010505
40.940,0.139429,-0.151848,-0.002159
40.960,0.161286,-0.150634,-0.006997
40.980,0.152927,-0.128661,0.000934
41.000,0.163295,-0.076525,-0.025898
41.020,0.118396,-0.090661,-0.023958
41.040,0.117809,-0.340444,-0.006236
41.060,0.140986,-0.348898,-0.007707
41.080,0.129042,-0.334889,-0.020909
41.100,0.149588,-0.351668,-0.011253
41.120,0.118588,-0.367611,-0.009931
41.140,0.157874,0.232673,-0.007931
41.160,0.164899,-0.380616,0.006636
41.180,0.146971,-0.395838,0.019224
41.200,0.130042,-0.356638,-0.014153
41.220,0.177496,-0.379766,0.002284
41.240,0.179202,-0.382648,-0.005764
41.260,0.222539,-0.333870,0.002535
41.280,0.199031,-0.335411,-0.008196
41.300,0.174064,-0.318116,-0.009146
41.320,0.133632,-0.376161,-0.015285
41.340,0.175675,-0.393729,-0.004101
41.360,0.153232,-0.375975,0.003542
41.380,0.135054,-0.351920,-0.010780
41.400,0.159622,-0.414299,-0.009178
41.420,0.143552,-0.371716,-0.001732
41.440,0.193042,-0.377023,-0.006196
41.460,0.175693,-0.336898,-0.004720
41.480,0.209262,-0.380470,-0.008444
41.500,0.198864,-0.370837,0.015010
41.520,0.190924,-0.386472,-0.010986
41.540,0.184623,-0.357316,0.003936
41.560,0.227582,-0.336124,-0.005537
41.580,0.198158,-0.369134,-0.007714
41.600,0.219248,-0.343536,0.008479
41.620,0.196459,-0.397873,0.001020
41.640,0.163544,-0.365380,0.005543
41.660,0.178371,-0.405586,-0.001137
41.680,0.139722,-0.367398,0.008375
41.700,0.172326,-0.382887,0.009769
41.720,0.195007,-0.390343,-0.007707
41.740,0.182313,-0.358252,-0.002391
41.760,0.174569,-0.352898,-0.009086
41.780,0.167081,-0.341691,0.009636
41.800,0.185993,-0.308407,-0.001949
41.820,0.186489,-0.341147,0.001614
41.840,0.204037,-0.360688,-0.001303
41.860,0.162068,-0.339643,-0.003551
41.880,0.185251,-0.359528,-0.005455
41.900,0.199815,-0.396565,-0.003257
41.920,0.228533,-0.375990,0.024585
41.940,0.167479,-0.339005,0.005198
41.960,0.186587,-0.376244,0.006439
41.980,0.137836,-0.355683,0.015893
42.000,0.159129,-0.344951,0.005192
42.020,0.192620,-0.339105,0.010789
42.040,0.139248,-0.365563,0.002519
42.060,0.121567,-0.343692,0.001766
42.080,0.157244,-0.361911,0.005140
42.100,0.113340,-0.319423,0.005922
42.120,0.171701,-0.376128,-0.005283
42.140,0.169852,-0.378614,0.018146
42.160,0.133887,-0.386697,-0.012912
42.180,0.183468,-0.364443,0.001010
42.200,0.180232,-0.320558,0.006318
42.220,0.121572,-0.360068,-0.012904
42.240,0.145644,-0.360197,-0.025697
42.260,0.152278,-0.359191,-0.005617
42.280,0.089039,-0.355993,0.003832
42.300,0.050048,-0.298816,0.003834
42.320,0.105625,-0.362349,0.000313
42.340,0.094622,-0.338858,0.023786
42.360,0.115664,-0.357768,-0.003057
42.380,0.110414,-0.368067,0.008519
42.400,0.097008,-0.376075,-0.001840
42.420,0.070346,-0.367670,0.007609
42.440,0.126814,-0.392204,0.003701
42.460,0.119177,-0.380920,0.013378
42.480,0.136156,-0.344466,-0.000628
42.500,0.137995,-0.321041,0.003982
42.520,0.092440,-0.301493,-0.009780
42.540,0.113850,-0.350942,-0.008313
42.560,0.100558,-0.342494,-0.005789
42.580,0.073472,-0.358624,0.008563
42.600,0.072993,-0.330024,-0.004466
42.620,0.064732,-0.335335,0.018182
42.640,0.038070,-0.339627,0.009390
42.660,0.068545,-0.354078,0.007916
42.680,0.033068,-0.344428,-0.004768
42.700,0.053864,-0.361809,0.029423
42.720,0.077427,-0.377116,0.011083
42.740,0.081931,-0.301991,-0.012288
42.760,0.070123,-0.316013,0.016239
42.780,0.045834,-0.294534,-0.004832
42.800,0.102536,-0.302473,0.013065
42.820,0.070561,-0.354256,0.000382
42.840,0.077652,-0.316234,0.002471
42.860,0.069085,-0.309795,0.018350
42.880,0.080546,-0.343757,0.021251
42.900,0.034702,-0.358765,0.002281
42.920,0.056650,-0.370590,0.005045
42.940,0.033297,-0.321839,0.017743
42.960,0.013701,-0.345885,0.007769
42.980,-0.007590,-0.331395,-0.007839
43.000,0.054166,-0.355211,0.025714
43.020,0.038778,-0.319274,0.010897
43.040,0.040689,-0.314329,0.014197
43.060,0.014806,-0.368570,0.002101
43.080,0.055599,-0.366321,0.016557
43.100,0.050165,-0.335295,0.004658
43.120,0.060575,-0.354026,0.018553
43.140,0.067400,-0.361030,0.005633
43.160,0.053698,-0.334798,0.005686
43.180,0.050029,-0.380452,0.022358
43.200,0.032039,-0.373511,0.003636
43.220,0.025096,-0.346319,0.014212
43.240,0.023618,-0.339231,0.012964
43.260,0.019822,-0.331936,0.012404
43.280,0.022508,-0.310003,0.011982
43.300,0.030861,-0.316631,0.006793
43.320,0.041648,-0.336394,0.006588
43.340,0.088955,-0.331196,0.023069
43.360,0.043074,-0.400327,0.006710
43.380,0.062582,-0.354785,0.007524
43.400,0.026798,-0.344846,0.011354
43.420,0.075951,-0.370001,0.019398
43.440,0.053515,-0.402221,0.011246
43.460,0.083881,-0.339588,0.016690
43.480,0.057334,-0.342307,0.007855
43.500,0.060742,-0.362974,0.010154
43.520,0.038810,-0.379890,0.013206
43.540,0.009444,-0.331772,0.024566
43.560,0.027072,-0.348861,0.018946
43.580,0.017522,-0.335566,0.004396
43.600,0.028414,-0.345299,0.014881
43.620,0.055897,-0.383220,0.001942
43.640,0.061209,-0.389704,0.018216
43.660,0.094140,-0.369189,0.030893
43.680,0.056803,-0.417130,0.001153
43.700,0.069594,-0.406997,0.025706
43.720,0.081216,-0.354668,0.018751
43.740,0.051495,-0.374588,0.011094
43.760,0.077225,-0.378290,0.008584
43.780,0.071624,-0.392800,0.008607
43.800,-0.007574,-0.390120,0.023044
43.820,0.089898,-0.346320,0.015388
43.840,-0.039280,-0.512319,0.016172
43.860,0.030097,-0.358715,0.005880
43.880,-0.089617,-0.514099,0.007265
43.900,0.160734,-0.178859,0.005989
43.920,-0.034408,-0.485105,0.004392
43.940,-0.066362,-0.565447,-0.001553
43.960,0.331047,-0.152086,0.013797
43.980,0.184670,-0.245742,0.032182
44.000,0.248296,-0.207710,0.007992
44.020,0.081296,-0.404020,0.024007
44.040,0.085661,-0.301208,0.013483
44.060,0.130175,-0.327903,-0.003430
44.080,0.310828,-0.168082,0.015075
44.100,-0.105334,-0.554984,0.016874
44.120,-0.030569,-0.525046,0.030048
44.140,0.250313,-0.222670,0.032678
44.160,0.293339,-0.135643,0.027223
44.180,-0.229900,-0.720946,0.030504
44.200,0.143333,-0.286580,0.034763
44.220,0.161914,-0.285490,0.032429
44.240,-0.122584,-0.535966,0.023862
44.260,-0.007450,-0.475712,0.025385
44.280,0.069219,-0.405357,0.008520
44.300,0.201552,-0.188779,0.017075
44.320,0.282410,-0.132671,0.038695
44.340,-0.002428,-0.474032,0.028825
44.360,0.133147,-0.370649,0.023105
44.380,0.467376,-0.017884,0.023436
44.400,0.092280,-0.401799,0.033877
44.420,-0.041556,-0.562074,0.032412
44.440,0.104599,-0.376998,0.013326
44.460,0.062380,-0.404248,0.021536
44.480,0.226646,-0.216604,0.015855
44.500,0.319681,-0.103612,0.025166
44.520,0.062557,-0.310883,0.029128
44.540,0.107512,-0.346145,0.036544
44.560,0.224634,-0.244189,0.012949
44.580,-0.470896,0.256837,0.027792
44.600,0.015044,-0.455853,0.008847
44.620,0.337285,-0.167655,0.017716
44.640,0.261015,-0.232934,0.027359
44.660,0.087995,-0.447646,0.033196
44.680,0.118158,-0.407866,0.009978
44.700,0.190920,-0.331890,0.027299
44.720,0.279968,-0.287482,0.020807
44.740,0.114601,-0.416202,0.020143
44.760,-0.012165,-0.529582,0.033737
44.780,0.180330,-0.348725,0.035527
44.800,-0.082942,-0.581201,0.024322
44.820,0.148048,-0.304643,0.026834
44.840,0.141430,-0.355726,0.035684
44.860,0.274579,-0.229794,0.042395
44.880,0.113588,-0.420238,0.027548
44.900,0.100956,-0.442094,0.006724
44.920,-0.132231,-0.688807,0.045197
44.940,0.070850,-0.481684,0.025117
44.960,0.088976,-0.474079,0.034439
44.980,0.224993,-0.332782,0.011189
45.000,0.329369,-0.240272,0.028530
45.020,0.006530,-0.553181,0.034104
45.040,0.521087,0.215257,0.016239
45.060,-0.085131,-0.382954,0.019395
45.080,0.351903,0.064456,0.008314
45.100,0.256738,-0.005476,0.023913
45.120,0.470468,0.154808,0.020778
45.140,-0.145272,-0.472958,0.009940
45.160,0.185372,-0.119469,0.023599
45.180,0.048995,-0.239684,0.014232
45.200,0.313294,0.006039,0.027742
45.220,0.355582,0.048600,0.014588
45.240,0.399551,0.067629,0.013958
45.260,0.409798,0.063132,0.025948
45.280,0.129403,-0.186844,0.034708
45.300,0.528580,0.264329,0.028614
45.320,0.198872,-0.111707,0.027711
45.340,0.043711,-0.276483,0.021230
45.360,0.134027,-0.151891,0.028301
45.380,0.047113,-0.303702,0.048748
45.400,0.138195,-0.153073,0.018793
45.420,0.239842,-0.122740,0.029996
45.440,0.261571,-0.018477,0.039944
45.460,0.156893,-0.198204,0.011406
45.480,0.227852,-0.135245,0.033183
45.500,0.010392,-0.283276,0.034537
45.520,0.307131,0.049350,0.047728
45.540,0.143942,-0.140049,0.022827
45.560,0.242640,-0.011448,0.035354
45.580,0.259925,-0.061965,0.033336
45.600,0.147395,-0.191761,0.012341
45.620,0.413473,0.037468,0.024283
45.640,0.478788,0.154913,0.027173
45.660,0.305751,-0.083143,0.035732
45.680,0.451773,0.056942,0.046612
45.700,0.288032,-0.035619,0.023063
45.720,0.471582,0.151860,0.026791
45.740,0.457197,0.082882,0.034918
45.760,0.133369,-0.187982,0.005413
45.780,0.333629,0.041239,0.042582
45.800,0.333722,0.049264,0.032766
45.820,0.361824,-0.007675,0.020840
45.840,0.351407,0.044928,0.026116
45.860,0.377656,0.035312,0.019005
45.880,0.382408,-0.003766,0.043837
45.900,0.416143,-0.010662,0.010031
45.920,0.411823,0.014865,0.013170
45.940,0.443820,0.025952,0.047683
45.960,0.468403,0.005190,0.006568
45.980,0.426900,0.049597,0.028650
46.000,0.466715,0.007058,0.038033
46.020,0.439526,0.007269,0.028158
46.040,0.434076,0.036335,0.021725
46.060,0.463754,0.068721,0.047102
46.080,0.419056,0.035456,0.048325
46.100,0.461275,0.006699,0.022656
46.120,0.452249,0.038320,0.029111
46.140,0.483611,0.041591,0.037302
46.160,0.505673,0.012013,0.017067
46.180,0.510026,0.053586,0.041130
46.200,0.519877,0.009664,0.018281
46.220,0.537426,0.016076,0.012366
46.240,0.551266,0.035291,0.040202
46.260,0.568141,0.066097,0.024022
46.280,0.534688,0.026226,0.019554
46.300,0.586349,0.025411,0.015563
46.320,0.572731,0.011604,0.023797
46.340,0.568817,0.060222,0.042249
46.360,0.579593,0.044240,0.025413
46.380,0.550236,-0.010911,0.037248
46.400,0.549819,0.039630,0.037448
46.420,0.591915,-0.019492,0.040114
46.440,0.588241,-0.012283,0.020999
46.460,0.599905,0.040990,0.030839
46.480,0.623495,0.023982,0.051383
46.500,0.639498,0.026118,0.022595
46.520,0.652221,0.048482,0.030567
46.540,0.695269,0.037297,0.021644
46.560,0.671559,0.059402,0.033627
46.580,0.688250,0.042114,0.033095
46.600,0.672160,0.055988,0.045338
46.620,0.695904,0.038192,0.029345
46.640,0.696640,0.053847,0.017086
46.660,0.638140,0.016236,0.021090
46.680,0.680525,0.004021,0.030446
46.700,0.666251,0.007352,0.027898
46.720,0.724546,0.013683,0.010241
46.740,0.675384,0.000682,0.007725
46.760,0.730246,0.071118,0.031586
46.780,0.711044,0.025143,0.028614
46.800,0.752895,0.040840,0.025933
46.820,0.746935,0.028708,0.027074
46.840,0.738677,0.074476,0.013594
46.860,0.786324,0.042321,0.015448
46.880,0.839152,0.001022,0.020383
46.900,0.777176,0.015264,0.026390
46.920,0.796637,-0.012401,0.036843
46.940,0.802272,0.022838,0.027116
46.960,0.792333,-0.006804,0.038606
46.980,0.814740,0.010880,0.031907
47.000,0.791504,0.025260,0.021997
47.020,0.802367,0.023921,0.023278
47.040,0.785010,0.022219,0.036397
47.060,0.796125,0.073061,0.030708
47.080,0.832413,0.085231,0.030910
47.100,0.802207,-0.006279,0.039550
47.120,0.881294,0.008561,0.045500
47.140,0.894808,-0.024911,0.041638
47.160,0.856963,-0.031062,0.042243
47.180,0.869424,-0.007767,0.026384
47.200,0.865357,-0.009047,0.034932
47.220,0.902367,-0.014084,0.039402
47.240,0.851921,0.008974,0.012686
47.260,0.917212,0.015580,0.023756
47.280,0.881749,-0.008681,0.029934
47.300,0.870494,0.001996,0.033905
47.320,0.883035,-0.002514,0.044651
47.340,0.836416,-0.000559,0.036037
47.360,0.864885,0.031809,0.019636
47.380,0.844396,-0.012811,0.026920
47.400,0.855972,0.002793,0.035022
47.420,0.857084,-0.043703,0.020820
47.440,0.827778,-0.023935,0.027742
47.460,0.851808,-0.085422,0.030865
47.480,0.843311,-0.029915,0.034562
47.500,0.833690,-0.025671,0.011859
47.520,0.879702,0.026981,0.025693
47.540,0.826433,-0.017385,0.022602
47.560,0.784005,-0.016608,0.047575
47.580,0.792627,-0.001002,0.024826
47.600,0.796761,-0.043301,0.030648
47.620,0.716219,0.008960,0.051053
47.640,0.765570,-0.014276,0.030992
47.660,0.699496,-0.062208,0.013108
47.680,0.733024,-0.056884,0.019653
47.700,0.764928,-0.065848,0.022467
47.720,0.737231,-0.045596,0.032061
47.740,0.765219,-0.047069,0.034322
47.760,0.128952,-0.554468,0.045246
47.780,0.741436,-0.027151,0.027355
47.800,0.702627,-0.028366,0.035650
47.820,0.699868,-0.052752,0.033654
47.840,0.699827,-0.011951,0.043766
47.860,0.687349,-0.033871,0.034958
47.880,0.674755,-0.045641,0.023906
47.900,0.660148,-0.042394,0.040612
47.920,0.661950,-0.030533,0.040738
47.940,0.654036,-0.088775,0.023801
47.960,0.616292,-0.037939,0.027870
47.980,0.614473,-0.030283,0.032866
48.000,0.612966,-0.059972,0.013525
48.020,0.612575,-0.052921,0.051333
48.040,0.590135,-0.044169,0.037755
48.060,0.593434,-0.037008,0.027249
48.080,0.608424,-0.013418,0.022980
48.100,0.578913,-0.053806,0.025098
48.120,0.610958,-0.052942,0.034857
48.140,0.599968,-0.067603,0.025993
48.160,0.873338,-0.180913,0.030636
48.180,0.550611,-0.093196,0.031321
48.200,0.544920,-0.079313,0.035677
48.220,0.557165,-0.079275,0.038441
48.240,0.548498,-0.071519,0.028134
48.260,0.512339,-0.041842,0.040141
48.280,0.484746,-0.008890,0.036204
48.300,0.482831,0.010668,0.020097
48.320,0.477280,-0.040186,0.004727
48.340,0.492496,-0.052040,0.042608
48.360,0.501724,-0.032077,0.033035
48.380,0.506451,-0.086316,0.018155
48.400,0.488930,-0.041814,0.042706
48.420,0.525411,-0.080381,0.024007
48.440,0.480535,-0.066589,0.057013
48.460,0.501920,-0.037892,0.034976
48.480,0.453977,-0.076874,0.015992
48.500,0.482327,-0.020956,0.030630
48.520,0.483516,-0.043965,0.030835
48.540,0.440174,-0.010406,0.020130
48.560,0.437951,-0.044446,0.018106
48.580,0.417592,-0.058227,0.010711
48.600,0.410294,-0.062619,0.017432
48.620,0.379014,-0.038241,-0.005528
48.640,0.413556,-0.076026,0.034948
48.660,0.432181,-0.039865,0.037294
48.680,0.422914,-0.117118,0.019115
48.700,0.412457,-0.032478,0.017089
48.720,0.406865,-0.047607,0.039816
48.740,0.430878,-0.055503,0.039914
48.760,0.412763,-0.044717,0.025544
48.780,0.425247,-0.032409,0.031361
48.800,0.407225,-0.085169,0.027663
48.820,0.377103,-0.007967,0.019689
48.840,0.411215,-0.018732,0.028325
48.860,0.354186,-0.030658,0.029910
48.880,0.376485,-0.063065,0.039059
48.900,0.346833,-0.038622,0.039773
48.920,0.368329,-0.080554,0.034183
48.940,0.356873,-0.063592,0.012521
48.960,0.355012,-0.062802,0.019408
48.980,0.356872,-0.065394,0.018383
49.000,0.377150,-0.012237,0.028546
49.020,0.358638,-0.054812,0.028776
49.040,0.357398,-0.051560,0.028598
49.060,0.357968,-0.020385,0.040245
49.080,0.365458,-0.032167,0.042118
49.100,0.339222,0.029305,0.038636
49.120,0.354983,-0.059178,0.036756
49.140,0.318512,-0.052069,0.009146
49.160,0.327191,-0.060540,0.024452
49.180,0.309882,-0.080087,0.035698
49.200,0.321737,-0.100585,0.022706
49.220,0.322689,-0.075278,0.041760
49.240,0.284729,-0.066669,0.005794
49.260,0.296521,-0.004558,0.030189
49.280,0.314620,-0.053900,0.011781
49.300,0.287611,-0.035398,0.036321
49.320,0.336208,0.000716,0.035479
49.340,0.337137,-0.036196,0.027610
49.360,0.312396,-0.019104,0.021312
49.380,0.315572,-0.028712,0.023876
49.400,0.297050,-0.091327,0.022457
49.420,0.296371,-0.035446,0.023870
49.440,0.297110,-0.063419,0.009170
49.460,0.286810,-0.045693,0.001431
49.480,0.279317,-0.094034,0.023010
49.500,0.288101,-0.018516,0.030738
49.520,0.253552,-0.024093,0.021705
49.540,0.261527,-0.038922,0.005565
49.560,0.273855,0.010247,0.019356
49.580,0.256597,-0.041019,0.032504
49.600,0.279594,-0.030591,0.013477
49.620,0.212231,-0.021786,0.015212
49.640,0.260769,-0.070852,0.040604
49.660,0.266350,-0.061057,0.008788
49.680,0.267490,-0.075229,0.018554
49.700,0.255565,-0.024159,0.014318
49.720,0.246140,-0.080554,0.017972
49.740,0.880673,0.009179,0.037580
49.760,0.223111,-0.052960,0.012276
49.780,0.255177,-0.018225,0.004897
49.800,0.233652,-0.049034,0.025568
49.820,0.210009,-0.015437,0.021178
49.840,0.191387,-0.039269,0.019925
49.860,0.198992,-0.062838,-0.000947
49.880,0.219716,-0.084294,0.012136
49.900,0.199302,-0.056116,0.018682
49.920,0.177534,-0.080517,0.016210
49.940,0.215366,-0.102565,0.014344
49.960,0.156940,-0.098311,0.027795
49.980,0.159980,-0.076067,0.022685
50.000,0.210867,-0.091576,0.035848
50.020,0.189223,-0.069651,0.008246
50.040,0.152168,-0.082523,0.020874
50.060,0.158615,-0.031441,0.009227
50.080,0.160737,-0.068993,0.026618
50.100,0.099376,-0.076461,0.026446
50.120,0.166075,-0.103775,0.020837
50.140,0.121945,-0.086351,0.024684
50.160,0.099301,-0.085814,0.008641
50.180,0.088409,-0.135869,0.022106
50.200,0.048446,-0.121990,0.017910
50.220,0.089406,-0.076058,0.006577
50.240,0.074834,-0.102086,0.016462
50.260,0.091115,-0.095274,0.022737
50.280,0.057729,-0.090496,0.024047
50.300,0.089446,-0.112314,0.043700
50.320,0.115992,-0.103038,0.010729
50.340,0.168589,-0.041971,0.018047
50.360,-0.018145,-0.180028,0.024638
50.380,0.123715,-0.088480,0.028497
50.400,0.411914,0.224023,-0.000707
50.420,0.066756,-0.116047,0.011138
50.440,-0.115771,-0.260712,0.023384
50.460,0.162021,0.029646,0.015098
50.480,-0.051075,-0.287532,0.018363
50.500,0.056455,-0.111734,0.021159
50.520,0.011391,-0.173569,-0.001724
50.540,-0.058250,-0.235097,0.014791
50.560,0.085303,-0.089767,0.001284
50.580,0.055730,-0.112614,0.015474
50.600,0.191782,-0.059687,0.006910
50.620,-0.058919,-0.273990,0.019014
50.640,-0.032281,-0.290504,0.023418
50.660,0.146866,-0.069454,0.010112
50.680,0.131815,-0.148580,0.011405
50.700,0.150912,-0.068738,0.003637
50.720,0.086722,-0.110394,0.021656
50.740,-0.002805,-0.223052,0.018228
50.760,0.140048,-0.071144,0.016184
50.780,-0.053479,-0.208747,-0.001482
50.800,-0.029954,-0.213826,0.013670
50.820,-0.199836,-0.364525,0.012908
50.840,-0.031052,-0.198009,0.005137
50.860,-0.063499,-0.186585,0.021550
50.880,0.355568,0.155832,0.008452
50.900,0.105347,-0.129949,0.027554
50.920,0.106893,-0.140668,0.019398
50.940,0.006353,-0.218083,0.004157
50.960,0.067088,-0.166562,0.007044
50.980,0.094630,-0.130093,0.036213
51.000,0.025995,-0.236721,-0.000364
51.020,-0.075711,-0.309940,0.015008
51.040,0.235467,0.007618,0.011024
51.060,-0.046287,-0.270902,0.002978
51.080,0.311659,0.095904,0.033949
51.100,0.114266,-0.040916,0.005085
51.120,0.007322,-0.220460,0.016315
51.140,0.138588,-0.034600,0.010789
51.160,0.046634,-0.208431,0.010910
51.180,-0.052193,-0.274141,0.024148
51.200,0.024467,-0.318894,0.010127
51.220,0.144076,-0.090832,0.001661
51.240,0.090151,-0.181449,0.012267
51.260,0.116065,-0.133230,0.003631
51.280,0.071421,-0.236900,0.023596
51.300,0.159017,-0.072961,0.015201
51.320,0.085678,-0.157507,0.016086
51.340,0.046944,-0.208198,0.006408
51.360,-0.090782,-0.316184,0.002551
51.380,0.172573,-0.055725,-0.003669
51.400,-0.107495,-0.338583,0.014805
51.420,0.218729,-0.015208,-0.000427
51.440,-0.165953,-0.443280,-0.003493
51.460,0.170736,-0.057535,-0.003884
51.480,0.260239,-0.050561,-0.002684
51.500,-0.089611,-0.359592,-0.013652
51.520,0.302314,0.053534,-0.004076
51.540,-0.022117,-0.252285,-0.001875
51.560,0.031174,-0.222667,0.027189
51.580,-0.029880,-0.310577,0.013674
51.600,0.285698,-0.016638,0.004060
51.620,0.195314,-0.085893,0.007874
51.640,0.222191,-0.105563,0.004367
51.660,0.075395,-0.226688,0.000417
51.680,0.073679,-0.219357,0.008222
51.700,0.310480,0.008514,-0.003212
51.720,-0.060004,-0.364463,0.020943
51.740,0.026903,-0.285180,-0.004758
51.760,0.125795,-0.156480,0.001076
51.780,0.089497,-0.175164,0.007192
51.800,0.031619,-0.311646,-0.001689
51.820,-0.074728,-0.284061,-0.004784
51.840,0.191056,-0.106675,0.008369
51.860,-0.041172,-0.335920,0.009553
51.880,0.115575,-0.210417,-0.003309
51.900,0.092211,-0.212216,-0.006044
51.920,0.194252,-0.126578,0.002468
51.940,0.106648,-0.256637,-0.012666
51.960,0.356630,0.064258,0.004744
51.980,-0.139831,-0.438365,0.007890
52.000,0.031423,-0.298685,0.012836
52.020,0.156152,-0.111956,0.003076
52.040,0.240428,-0.112060,0.002630
52.060,0.005670,-0.261840,-0.001513
52.080,0.375910,0.052598,-0.017407
52.100,0.238017,-0.094409,0.016390
52.120,0.104544,-0.219438,0.017475
52.140,0.064695,-0.229927,-0.002052
52.160,-0.009865,-0.307427,-0.008144
52.180,0.022817,-0.290459,0.009046
52.200,0.047906,-0.318447,-0.013653
52.220,0.128474,-0.191820,0.023415
52.240,0.270768,-0.070074,0.015636
52.260,0.025378,-0.325422,0.002214
52.280,0.056070,-0.290811,0.006829
52.300,0.174548,-0.135944,-0.004555
52.320,0.211426,-0.084731,-0.002769
52.340,0.172688,-0.077549,0.008390
52.360,0.141409,-0.171904,-0.026413
52.380,0.167724,-0.142923,-0.000675
52.400,0.181053,-0.164895,-0.003247
52.420,0.127186,-0.156509,-0.002739
52.440,0.192833,-0.143049,-0.006995
52.460,0.220596,-0.138460,-0.014284
52.480,0.229201,-0.137201,0.023605
52.500,0.204825,-0.148994,0.004426
52.520,0.200046,-0.114902,0.012862
52.540,0.235952,-0.143678,0.007681
52.560,0.208817,-0.100671,0.013726
52.580,0.188022,-0.106631,-0.022169
52.600,0.208241,-0.107707,-0.004097
52.620,0.223073,-0.094612,-0.011975
52.640,0.181162,-0.109386,-0.001495
52.660,0.150821,-0.126442,-0.015906
52.680,0.161109,-0.134390,-0.000514
52.700,0.182756,-0.119463,-0.005372
52.720,0.182480,-0.115862,0.011989
52.740,0.177620,-0.096523,-0.005213
52.760,0.161983,-0.108373,0.014968
52.780,0.198336,-0.117027,0.006321
52.800,0.193760,-0.064130,-0.006489
52.820,0.227676,-0.067975,-0.011567
52.840,0.195372,-0.070096,-0.005499
52.860,0.218704,-0.067931,-0.008700
52.880,0.171833,-0.126409,0.002739
52.900,0.171622,-0.092788,0.007495
52.920,0.188489,-0.086450,0.010739
52.940,0.207042,-0.120087,-0.001114
52.960,0.166827,-0.110560,-0.009573
52.980,0.198609,-0.123262,-0.024568
53.000,0.136015,-0.086876,0.006822
53.020,0.169156,-0.089260,0.009629
53.040,0.362823,-0.085445,-0.013523
53.060,0.368610,-0.116727,-0.011094
53.080,0.400210,-0.078072,-0.007563
53.100,0.355585,-0.116988,-0.012984
53.120,0.402014,-0.085513,-0.032300
53.140,0.394426,-0.104371,-0.008195
53.160,0.393628,-0.122146,-0.015118
53.180,0.396957,-0.141769,-0.002200
53.200,0.389580,-0.126045,0.009420
53.220,0.422333,-0.105397,0.016718
53.240,0.341508,-0.098056,-0.005818
53.260,0.347329,-0.119384,-0.006528
53.280,0.354344,-0.113792,-0.006053
53.300,0.337073,-0.078971,-0.015980
53.320,0.310656,-0.055878,-0.015956
53.340,0.363917,-0.101587,-0.015436
53.360,0.364148,-0.059346,-0.002285
53.380,0.367142,-0.039890,-0.004085
53.400,0.340295,-0.100037,-0.005701
53.420,0.361973,-0.085461,-0.024108
53.440,0.365131,-0.140054,0.000585
53.460,0.356373,-0.090898,0.000155
53.480,0.374716,-0.125752,-0.005480
53.500,0.376017,-0.096801,0.003864
53.520,0.361848,-0.082200,0.007539
53.540,0.338396,-0.087937,-0.004908
53.560,0.338411,-0.045750,-0.034384
53.580,0.314573,-0.084040,-0.016065
53.600,0.331706,-0.064868,0.002864
53.620,0.299553,-0.077290,-0.014665
53.640,0.321463,-0.086482,-0.026917
53.660,0.283751,-0.056678,-0.011263
53.680,0.252297,-0.088091,-0.023495
53.700,0.300536,-0.110136,-0.008078
53.720,0.333225,-0.104494,-0.023833
53.740,0.340641,-0.103701,-0.018935
53.760,0.332579,-0.084182,-0.012596
53.780,0.340527,-0.064054,-0.002808
53.800,0.327667,-0.102225,-0.030931
53.820,0.358038,-0.074195,-0.011018
53.840,0.320904,-0.043292,-0.019179
53.860,0.366354,-0.076418,-0.019567
53.880,0.311407,-0.086011,-0.010206
53.900,0.294909,-0.103027,-0.008201
53.920,0.290309,-0.083183,-0.007050
53.940,0.283295,-0.075518,0.001911
53.960,0.290783,-0.111878,-0.016018
53.980,0.330948,-0.107462,0.004760
54.000,0.329026,-0.112444,-0.026085
54.020,0.322170,-0.115152,-0.015012
54.040,0.329139,-0.142449,-0.020276
54.060,0.300951,-0.033878,-0.015901
54.080,0.311184,-0.077593,-0.041875
54.100,0.324289,-0.124681,-0.031631
54.120,0.330988,-0.102422,-0.012192
54.140,0.334202,-0.104557,-0.011533
54.160,0.315649,-0.129011,-0.020780
54.180,0.321860,-0.072422,-0.029284
54.200,0.305157,-0.117158,-0.010591
54.220,0.309383,-0.119071,-0.021728
54.240,0.319774,-0.130376,-0.024696
54.260,0.310164,-0.128615,-0.017830
54.280,0.250742,-0.040913,-0.010613
54.300,0.296288,-0.063962,-0.017038
54.320,0.313602,-0.061877,-0.026626
54.340,0.292030,-0.065704,-0.019417
54.360,0.315727,-0.055383,-0.027232
54.380,0.370955,-0.076336,-0.021993
54.400,0.384072,-0.070071,-0.005126
54.420,0.351217,-0.077634,-0.009184
54.440,0.346488,-0.102006,-0.024214
54.460,0.356161,-0.079966,-0.026612
54.480,0.363431,-0.139279,-0.027039
54.500,0.341289,-0.093619,-0.029453
54.520,0.316263,-0.109183,-0.023382
54.540,0.320628,-0.119808,-0.022023
54.560,0.351846,-0.057042,-0.017366
54.580,0.324937,-0.091697,-0.017447
54.600,0.331691,-0.064794,-0.023112
54.620,0.327319,-0.071271,-0.017009
54.640,0.318365,-0.113305,-0.014778
54.660,0.369450,-0.068623,-0.035710
54.680,0.408902,-0.121736,-0.031987
54.700,0.355870,-0.091889,-0.029477
54.720,0.373898,-0.099177,-0.027835
54.740,0.400925,-0.161001,-0.018535
54.760,0.386341,-0.119040,-0.023862
54.780,0.377651,-0.096167,-0.016351
54.800,0.354368,-0.121320,-0.001768
54.820,0.356488,-0.074045,-0.024086
54.840,0.366870,-0.066148,-0.011287
54.860,0.365877,-0.079955,-0.016585
54.880,0.356376,-0.095440,-0.017754
54.900,0.365046,-0.090093,-0.019510
54.920,0.333873,-0.062214,0.000151
54.940,0.380986,-0.110930,-0.021651
54.960,0.335838,-0.093670,0.000473
54.980,0.379770,-0.117420,-0.022941
55.000,0.378518,-0.101354,-0.037333
55.020,0.394554,-0.132165,-0.016198
55.040,0.381490,-0.087509,-0.035039
55.060,0.363782,-0.083550,-0.018530
55.080,0.396037,-0.067352,-0.008429
55.100,0.396313,-0.095812,-0.022904
55.120,0.374601,-0.065994,-0.041774
55.140,0.387231,-0.065885,-0.026839
55.160,0.381339,-0.058273,-0.023598
55.180,0.355151,-0.125745,-0.017134
55.200,0.318787,-0.091598,-0.013312
55.220,0.357387,-0.091228,-0.004824
55.240,0.324374,-0.121428,-0.028671
55.260,0.354709,-0.104131,-0.024080
55.280,0.376188,-0.125651,-0.012360
55.300,0.424348,-0.083140,-0.045812
55.320,0.372649,-0.064557,-0.029901
55.340,0.394641,-0.041996,-0.029989
55.360,0.394967,-0.069032,-0.011508
55.380,0.421846,-0.052735,-0.018420
55.400,0.387532,-0.032463,-0.020854
55.420,0.400135,-0.055757,-0.022186
55.440,0.382709,-0.079712,-0.019845
55.460,0.379720,-0.081011,-0.022936
55.480,0.350283,-0.088006,-0.011519
55.500,0.326715,-0.072890,-0.039064
55.520,0.316411,-0.035831,-0.039520
55.540,0.343493,-0.040184,-0.021503
55.560,0.323071,-0.051351,-0.015380
55.580,0.339588,-0.020104,-0.008466
55.600,0.326190,-0.082023,-0.025976
55.620,0.344405,-0.029680,-0.023691
55.640,0.376781,-0.020770,-0.022074
55.660,0.364395,-0.014610,-0.050844
55.680,0.316727,-0.043841,-0.042803
55.700,0.373912,-0.079133,-0.017497
55.720,0.364933,-0.094705,-0.029806
55.740,0.330909,-0.085085,-0.015727
55.760,0.347435,-0.019415,-0.022129
55.780,-0.181179,0.394909,-0.026277
55.800,0.306467,-0.040248,-0.027628
55.820,0.285390,0.004786,-0.038614
55.840,0.270152,0.016249,-0.024453
55.860,0.259228,-0.040153,-0.019555
55.880,0.329859,-0.047298,-0.016707
55.900,0.277131,-0.021271,-0.041307
55.920,0.307686,-0.048486,-0.026411
55.940,0.329889,-0.069045,-0.019213
55.960,0.335957,-0.033507,-0.005289
55.980,0.353378,-0.059174,-0.041218
56.000,0.333171,-0.062037,-0.038334
56.020,0.283313,-0.010411,-0.023974
56.040,0.318566,-0.012154,-0.013314
56.060,0.301486,-0.014763,-0.026038
56.080,0.299924,0.014603,-0.032675
56.100,0.296101,-0.009794,-0.005754
56.120,0.262787,-0.004469,-0.033631
56.140,0.255019,-0.027697,-0.018061
56.160,0.224592,-0.037741,-0.027455
56.180,0.219626,-0.008044,-0.019257
56.200,0.216846,-0.044008,-0.023944
56.220,0.207761,-0.038040,-0.015120
56.240,0.239497,-0.035535,-0.037133
56.260,0.232960,-0.024174,-0.000945
56.280,0.299556,0.042549,-0.024137
56.300,0.251245,-0.032137,-0.029990
56.320,0.309589,0.026709,-0.025370
56.340,0.260305,-0.013946,-0.031160
56.360,0.258634,0.040959,-0.018578
56.380,0.264725,0.010871,-0.027216
56.400,0.211188,0.023077,-0.042962
56.420,0.232413,0.054833,-0.010942
56.440,0.195956,-0.004489,-0.032859
56.460,0.234806,-0.022536,-0.023024
56.480,0.217322,0.021190,-0.021336
56.500,0.259683,0.006460,-0.005064
56.520,0.206986,0.007774,-0.024586
56.540,0.183253,-0.004221,-0.020657
56.560,0.228433,0.001769,-0.025894
56.580,0.250432,-0.030304,-0.030725
56.600,0.226960,-0.019496,-0.034740
56.620,0.215719,0.008985,-0.024929
56.640,0.227236,0.012509,-0.016040
56.660,0.209665,0.008291,-0.043952
56.680,0.208061,0.004827,-0.027065
56.700,0.203629,-0.024328,-0.041438
56.720,0.199348,-0.011554,-0.029007
56.740,0.223850,-0.020872,-0.012804
56.760,0.176825,0.022887,-0.024952
56.780,0.177905,-0.048855,-0.025784
56.800,0.189497,0.003334,-0.015739
56.820,0.209853,-0.011828,-0.035116
56.840,0.205919,-0.006202,-0.026444
56.860,0.182603,0.040755,-0.033602
56.880,0.233413,0.031115,-0.030872
56.900,0.239214,-0.015099,-0.021619
56.920,0.225099,-0.000338,-0.054877
56.940,0.215016,-0.002704,-0.016927
56.960,0.249874,-0.026245,-0.024655
56.980,0.231616,-0.026678,-0.025272
57.000,0.251838,0.019852,-0.019675
57.020,0.211275,0.010992,-0.025357
57.040,-0.006269,-0.009814,-0.027321
57.060,-0.005890,0.041516,-0.029910
57.080,-0.016581,0.033425,-0.034825
57.100,-0.001681,0.060236,-0.034692
57.120,-0.034877,0.045603,-0.048773
57.140,-0.018806,0.019082,-0.042788
57.160,-0.001447,0.002233,-0.033262
57.180,0.007635,0.009726,-0.023806
57.200,0.019254,0.022480,-0.031305
57.220,0.009020,-0.035715,-0.014069
57.240,0.007412,-0.012868,-0.011265
57.260,0.028357,-0.012517,-0.022644
57.280,0.024614,-0.034637,-0.018483
57.300,0.041224,-0.021241,-0.048705
57.320,0.005731,0.018383,-0.018431
57.340,0.031076,-0.001538,-0.033078
57.360,0.026676,-0.007410,-0.024911
57.380,0.006569,-0.030616,-0.036728
57.400,0.011348,0.007481,-0.020960
57.420,-0.012541,-0.040678,-0.030902
57.440,-0.016592,-0.063460,-0.032113
57.460,-0.007993,-0.054077,-0.037277
57.480,0.007127,-0.033635,-0.038434
57.500,0.005430,-0.021116,-0.025046
57.520,0.034762,-0.064695,-0.023449
57.540,0.025250,-0.038146,-0.019952
57.560,0.039526,-0.020241,-0.023220
57.580,0.063999,-0.057539,-0.031518
57.600,0.065764,-0.008987,-0.053496
57.620,0.042200,-0.041472,-0.036706
57.640,0.055082,-0.073926,-0.035035
57.660,0.036147,-0.043150,-0.025136
57.680,0.038591,-0.068997,-0.029165
57.700,0.029734,-0.050492,-0.031894
57.720,-0.002968,-0.098009,-0.025190
57.740,0.018755,-0.137227,-0.031185
57.760,-0.000450,-0.093173,-0.053296
57.780,0.033204,-0.091894,-0.031204
57.800,0.040642,-0.044172,-0.034249
57.820,0.047778,-0.077187,-0.032428
57.840,0.054519,-0.044005,-0.037330
57.860,0.062161,-0.072330,-0.041024
57.880,0.085544,-0.061521,-0.036082
57.900,0.063006,-0.069817,-0.040256
57.920,0.062030,-0.057007,-0.029371
57.940,0.052595,-0.081984,-0.062732
57.960,0.050661,-0.077598,-0.018119
57.980,0.018866,-0.136874,-0.021435
58.000,0.060413,-0.108547,-0.037056
58.020,0.024707,-0.113552,-0.030824
58.040,0.021662,-0.106146,-0.035833
58.060,-0.002587,-0.105155,-0.018935
58.080,0.042035,-0.127050,-0.047218
58.100,0.035961,-0.097826,-0.035874
58.120,0.063264,-0.088819,-0.038472
58.140,0.074498,-0.064819,-0.011147
58.160,0.046695,-0.117222,-0.021780
58.180,0.070061,-0.127178,-0.028111
58.200,0.069091,-0.114492,-0.042327
58.220,0.020164,-0.130797,-0.032426
58.240,0.043283,-0.145571,-0.024492
58.260,0.019425,-0.165592,-0.029171
58.280,0.037079,-0.160026,-0.016367
58.300,0.025321,-0.108839,-0.034401
58.320,0.015374,-0.107722,-0.020256
58.340,0.023708,-0.114991,-0.031297
58.360,-0.014949,-0.125191,-0.039966
58.380,-0.025677,-0.111001,-0.031008
58.400,-0.001433,-0.088274,-0.039910
58.420,0.023332,-0.147548,-0.011174
58.440,-0.005176,-0.112846,-0.036984
58.460,0.028318,-0.149890,-0.049275
58.480,0.008261,-0.168691,-0.046627
58.500,0.012102,-0.170062,-0.023756
58.520,-0.001279,-0.146125,-0.019650
58.540,0.034819,-0.166791,-0.033574
58.560,0.022491,-0.166500,-0.023014
58.580,-0.008634,-0.113156,-0.028654
58.600,-0.020654,-0.138484,-0.036201
58.620,-0.025287,-0.148542,-0.036224
58.640,-0.036694,-0.147386,-0.040962
58.660,-0.032270,-0.116187,-0.026871
58.680,-0.014880,-0.108168,-0.024436
58.700,-0.038333,-0.169485,-0.049129
58.720,-0.035451,-0.181703,-0.044306
58.740,-0.040612,-0.157593,-0.028234
58.760,-0.023758,-0.135769,-0.023616
58.780,-0.041419,-0.176488,-0.029496
58.800,-0.036879,-0.139738,-0.047339
58.820,-0.016081,-0.138388,-0.032929
58.840,-0.018727,-0.146887,-0.016333
58.860,-0.035860,-0.136195,-0.019248
58.880,-0.005952,-0.134186,-0.035583
58.900,-0.047300,-0.129575,-0.030476
58.920,-0.084491,-0.161828,-0.022363
58.940,-0.043609,-0.139614,-0.013870
58.960,-0.089193,-0.167789,-0.035258
58.980,-0.086455,-0.184138,-0.027802
59.000,-0.095962,-0.170586,-0.021573
59.020,-0.087442,-0.172039,-0.013421
59.040,-0.057271,-0.200404,-0.034595
59.060,-0.061924,-0.163606,-0.015250
59.080,-0.037812,-0.150865,-0.010504
59.100,-0.048436,-0.130820,-0.021350
59.120,-0.047574,-0.121429,-0.031343
59.140,-0.061515,-0.129618,-0.022825
59.160,-0.104139,-0.126657,-0.043163
59.180,-0.065069,-0.148068,-0.035115
59.200,-0.080319,-0.165835,-0.026840
59.220,-0.116427,-0.149559,-0.033056
59.240,-0.055556,-0.187728,-0.029536
59.260,-0.111325,-0.157453,-0.046643
59.280,-0.073734,-0.149460,-0.026410
59.300,-0.100524,-0.136867,-0.013360
59.320,-0.086805,-0.156726,-0.027259
59.340,-0.100684,-0.102945,-0.024943
59.360,-0.035744,-0.092902,-0.037089
59.380,-0.081686,-0.145755,-0.025727
59.400,-0.073278,-0.134958,-0.034140
59.420,-0.074001,-0.097333,-0.013059
59.440,-0.060495,-0.110885,-0.034793
59.460,-0.063286,-0.158377,-0.038208
59.480,-0.064169,-0.169463,-0.020927
59.500,-0.042633,-0.163070,-0.024992
59.520,-0.063984,-0.162106,0.003575
59.540,-0.089169,-0.152817,-0.043200
59.560,-0.061686,-0.154097,-0.008032
59.580,-0.082023,-0.143683,-0.031342
59.600,-0.122795,-0.122313,-0.038771
59.620,-0.142393,-0.130426,-0.029847
59.640,-0.142186,-0.104146,-0.005359
59.660,-0.059629,-0.111552,-0.022452
59.680,-0.061915,-0.127596,-0.038127
59.700,-0.046954,-0.157017,-0.010613
59.720,-0.083513,-0.142379,-0.027949
59.740,-0.038320,-0.146992,-0.021935
59.760,-0.041073,-0.156871,-0.014885
59.780,-0.075154,-0.153157,-0.024277
59.800,-0.058033,-0.108341,-0.037502
59.820,-0.095751,-0.155317,-0.009857
59.840,-0.061827,-0.088165,-0.043304
59.860,-0.075699,-0.094268,-0.034355
59.880,-0.063874,-0.094096,-0.033595
59.900,-0.091882,-0.105374,-0.022949
59.920,-0.077558,-0.111299,-0.020246
59.940,-0.126331,-0.155767,-0.023654
59.960,-0.068593,-0.162276,-0.046714
59.980,-0.061844,-0.130146,-0.031430
